City_ID,City,Country,Date,Lat,Lng,Max Temp,Humidity,Cloudiness,Wind Speed
0,Krasnoselkup,RU,2022-02-05 13:30:34,65.7,82.4667,-1.07,99,74,9.31
1,Punta Arenas,CL,2022-02-05 13:27:47,-53.15,-70.9167,50.02,76,100,11.5
2,Tayu,ID,2022-02-05 13:30:34,-6.5397,111.0518,78.85,87,99,9.01
3,Chernyshevskiy,RU,2022-02-05 13:30:35,63.0128,112.4714,-21.8,100,89,2.33
4,Cape Town,ZA,2022-02-05 13:25:35,-33.9258,18.4232,88.27,40,0,4.0
5,Gat,IL,2022-02-05 13:30:35,31.61,34.7642,59.68,100,67,12.24
6,Rikitea,PF,2022-02-05 13:30:35,-23.1203,-134.9692,78.1,74,9,9.57
7,Ayan,RU,2022-02-05 13:30:36,56.45,138.1667,-2.88,70,100,15.39
8,Jackson,US,2022-02-05 13:27:53,42.4165,-122.8345,34.0,83,0,0.0
9,Alugan,PH,2022-02-05 13:30:36,12.2188,125.4808,79.7,74,94,16.04
10,Seoul,KR,2022-02-05 13:30:36,37.5683,126.9778,24.24,56,0,2.3
11,Longyearbyen,SJ,2022-02-05 13:30:36,78.2186,15.6401,12.04,62,20,25.32
12,Vaini,TO,2022-02-05 13:30:37,-21.2,-175.2,77.16,94,100,5.75
13,Lagoa,PT,2022-02-05 13:30:37,39.05,-27.9833,58.17,72,51,17.16
14,Saskylakh,RU,2022-02-05 13:30:37,71.9167,114.0833,-26.86,100,88,3.6
15,Hobart,AU,2022-02-05 13:30:37,-42.8794,147.3294,61.02,77,100,4.61
16,Funtua,NG,2022-02-05 13:30:38,11.5233,7.3081,83.19,11,50,14.94
17,Port Elizabeth,ZA,2022-02-05 13:30:38,-33.918,25.5701,70.11,88,100,18.41
18,Nemuro,JP,2022-02-05 13:30:38,43.3236,145.575,22.75,70,95,21.3
19,Qaanaaq,GL,2022-02-05 13:30:39,77.484,-69.3632,-2.6,69,71,10.8
20,Merrill,US,2022-02-05 13:30:39,45.1805,-89.6835,-1.48,77,100,0.0
21,Gouyave,GD,2022-02-05 13:30:39,12.1646,-61.7296,79.57,74,75,12.66
22,Airai,TL,2022-02-05 13:27:49,-8.9266,125.4092,61.9,91,98,1.45
23,Nueve De Julio,AR,2022-02-05 13:30:39,-35.4444,-60.8831,65.71,74,100,13.56
24,Busselton,AU,2022-02-05 13:30:40,-33.65,115.3333,68.43,80,0,7.81
25,Hasaki,JP,2022-02-05 13:30:40,35.7333,140.8333,32.4,37,99,12.53
26,Hermanus,ZA,2022-02-05 13:29:10,-34.4187,19.2345,95.9,43,7,21.43
27,Padang,ID,2022-02-05 13:30:21,-0.9492,100.3543,73.45,95,100,3.65
28,Yellowknife,CA,2022-02-05 13:28:58,62.456,-114.3525,-17.59,86,100,9.22
29,Crepy-En-Valois,FR,2022-02-05 13:30:40,49.2336,2.8881,49.96,75,11,12.62
30,Jambi,ID,2022-02-05 13:30:41,-1.6,103.6167,75.0,95,100,2.95
31,Geraldton,AU,2022-02-05 13:30:41,-28.7667,114.6,77.41,73,0,8.05
32,Ust-Kulom,RU,2022-02-05 13:30:41,61.6864,53.6902,3.04,98,51,4.36
33,Albany,US,2022-02-05 13:29:31,42.6001,-73.9662,14.61,80,21,1.01
34,Choma,ZM,2022-02-05 13:30:41,-16.8065,26.9531,71.65,83,79,5.28
35,Dingle,PH,2022-02-05 13:30:42,10.9995,122.6711,75.67,80,15,14.38
36,Puerto Colombia,CO,2022-02-05 13:30:42,10.9878,-74.9547,78.89,70,7,18.34
37,Adrar,MR,2022-02-05 13:30:42,20.5022,-10.0711,82.29,6,80,9.53
38,Upernavik,GL,2022-02-05 13:29:10,72.7868,-56.1549,-1.77,95,100,5.55
39,Ushuaia,AR,2022-02-05 13:25:46,-54.8,-68.3,58.66,41,0,23.02
40,Chapada Dos Guimaraes,BR,2022-02-05 13:30:43,-15.4606,-55.7497,76.66,70,22,3.11
41,Tocopilla,CL,2022-02-05 13:30:23,-22.092,-70.1979,72.54,64,2,8.28
42,Surat,IN,2022-02-05 13:30:43,21.1667,72.8333,76.98,44,15,2.3
43,Port Alfred,ZA,2022-02-05 13:30:43,-33.5906,26.891,69.96,83,97,22.48
44,Banepa,NP,2022-02-05 13:30:17,27.6298,85.5214,44.92,81,20,5.75
45,Dongsheng,CN,2022-02-05 13:30:43,39.8161,109.9776,14.81,38,100,5.48
46,East London,ZA,2022-02-05 13:30:44,-33.0153,27.9116,68.94,88,20,12.66
47,Esperance,AU,2022-02-05 13:30:59,-33.8667,121.9,75.04,66,0,21.52
48,Bluff,NZ,2022-02-05 13:30:59,-46.6,168.3333,49.86,76,13,4.65
49,Bambous Virieux,MU,2022-02-05 13:30:17,-20.3428,57.7575,82.65,78,40,18.41
50,Norman Wells,CA,2022-02-05 13:30:59,65.282,-126.8329,-16.22,96,88,5.17
51,Mayo,US,2022-02-05 13:31:00,38.8876,-76.5119,32.34,62,75,15.99
52,Cosala,MX,2022-02-05 13:31:00,24.4125,-106.6908,53.38,46,0,4.36
53,Puerto Ayora,EC,2022-02-05 13:31:00,-0.7393,-90.3518,74.55,95,42,3.0
54,Kapaa,US,2022-02-05 13:31:00,22.0752,-159.319,66.52,82,75,6.91
55,Tuatapere,NZ,2022-02-05 13:31:01,-46.1333,167.6833,43.5,90,5,3.33
56,Kushima,JP,2022-02-05 13:31:01,31.4583,131.2333,41.63,77,9,8.19
57,Havoysund,NO,2022-02-05 13:31:01,70.9963,24.6622,27.48,71,79,26.51
58,Kerman,IR,2022-02-05 13:31:01,30.2832,57.0788,60.66,41,75,27.63
59,Klaksvik,FO,2022-02-05 13:31:02,62.2266,-6.589,34.72,74,98,38.81
60,Puerto Rico,AR,2022-02-05 13:31:02,-26.796,-55.024,79.84,70,100,1.45
61,Sambava,MG,2022-02-05 13:31:03,-14.2667,50.1667,84.25,71,100,3.71
62,Tambo Grande,PE,2022-02-05 13:31:03,-4.9269,-80.3447,75.34,65,100,2.06
63,Kahului,US,2022-02-05 13:31:03,20.8947,-156.47,74.84,83,0,4.61
64,Gizo,SB,2022-02-05 13:31:04,-8.103,156.8419,83.05,78,100,9.55
65,Jamestown,US,2022-02-05 13:31:04,42.097,-79.2353,13.71,67,100,4.61
66,Bushehr,IR,2022-02-05 13:31:04,28.9684,50.8385,66.29,45,0,26.46
67,Mattru,SL,2022-02-05 13:31:05,7.6244,-11.8332,101.3,25,33,1.61
68,Codrington,AU,2022-02-05 13:31:05,-38.2667,141.9667,59.47,79,97,9.35
69,Hamilton,US,2022-02-05 13:28:43,39.1834,-84.5333,15.73,84,100,1.01
70,Metro,ID,2022-02-05 13:31:05,-5.1131,105.3067,75.7,88,100,3.4
71,Bredasdorp,ZA,2022-02-05 13:31:06,-34.5322,20.0403,81.28,56,7,21.74
72,Lakhnadon,IN,2022-02-05 13:31:06,22.6,79.6,62.56,21,3,6.33
73,Huadian,CN,2022-02-05 13:31:06,42.9633,126.7478,-1.37,90,100,3.98
74,La Ronge,CA,2022-02-05 13:31:06,55.1001,-105.2842,-9.15,77,100,4.61
75,Daru,PG,2022-02-05 13:31:07,-9.0763,143.2092,79.88,88,100,8.75
76,Brownwood,US,2022-02-05 13:31:07,31.7093,-98.9912,22.32,86,0,0.0
77,Dakar,SN,2022-02-05 13:30:13,14.6937,-17.4441,92.28,57,0,16.11
78,Aripuana,BR,2022-02-05 13:31:07,-9.1667,-60.6333,83.01,68,100,2.55
79,Acapulco,MX,2022-02-05 13:29:20,16.8634,-99.8901,69.62,88,20,3.44
80,Vanimo,PG,2022-02-05 13:31:07,-2.6741,141.3028,79.23,85,97,7.72
81,Castro,BR,2022-02-05 13:27:53,-24.7911,-50.0119,74.17,78,100,7.18
82,Naryan-Mar,RU,2022-02-05 13:31:08,67.6713,53.087,-9.87,98,73,8.23
83,Dhar,IN,2022-02-05 13:31:08,22.6,75.3,66.24,21,0,1.21
84,Port-Gentil,GA,2022-02-05 13:31:08,-0.7193,8.7815,87.76,66,40,10.36
85,Guerrero Negro,MX,2022-02-05 13:31:08,27.9769,-114.0611,54.48,44,0,4.99
86,Stara Zagora,BG,2022-02-05 13:31:09,42.4328,25.6419,51.46,62,5,3.89
87,Sorland,NO,2022-02-05 13:31:09,67.667,12.6934,39.06,80,95,27.58
88,Butaritari,KI,2022-02-05 13:31:09,3.0707,172.7902,82.58,72,13,19.48
89,Bilma,NE,2022-02-05 13:31:09,18.6853,12.9164,73.8,13,0,3.74
90,Saint-Philippe,RE,2022-02-05 13:31:10,-21.3585,55.7679,83.79,85,100,19.71
91,Timizart,DZ,2022-02-05 13:31:10,36.8,4.2667,60.75,64,99,5.79
92,Poum,NC,2022-02-05 13:31:10,-20.2333,164.0167,80.58,72,67,5.23
93,Mar Del Plata,AR,2022-02-05 13:31:10,-38.0023,-57.5575,66.22,86,100,15.01
94,New Norfolk,AU,2022-02-05 13:27:58,-42.7826,147.0587,60.66,63,100,1.32
95,Beba,CU,2022-02-05 13:31:26,22.4437,-79.7253,68.27,68,0,7.81
96,Trelew,AR,2022-02-05 13:31:26,-43.249,-65.3051,62.42,41,0,11.74
97,Shestakovo,RU,2022-02-05 13:31:26,56.4915,103.96,19.71,95,100,7.99
98,Asmara,ER,2022-02-05 13:27:36,15.3333,38.9333,58.75,60,25,5.1
99,Atuona,PF,2022-02-05 13:27:30,-9.8,-139.0333,78.08,75,3,19.53
100,Tasiilaq,GL,2022-02-05 13:31:27,65.6145,-37.6368,18.66,62,100,13.33
101,Pevek,RU,2022-02-05 13:31:27,69.7008,170.3133,-28.08,99,19,2.33
102,Hervey Bay,AU,2022-02-05 13:31:27,-25.2986,152.8535,72.03,67,72,23.64
103,Saint-Denis,FR,2022-02-05 13:31:27,48.9167,2.3333,52.09,58,0,4.0
104,Tuktoyaktuk,CA,2022-02-05 13:28:59,69.4541,-133.0374,-27.15,96,51,10.4
105,Provideniya,RU,2022-02-05 13:31:28,64.3833,-173.3,-4.23,86,4,11.54
106,Hithadhoo,MV,2022-02-05 13:31:28,-0.6,73.0833,82.58,74,100,13.4
107,Tura,IN,2022-02-05 13:27:06,25.5198,90.2201,53.01,84,46,2.33
108,Gambela,ET,2022-02-05 13:31:28,8.25,34.5833,99.07,16,100,10.36
109,Shimoda,JP,2022-02-05 13:31:29,34.6667,138.95,34.11,65,1,22.91
110,Karratha,AU,2022-02-05 13:30:18,-20.7377,116.8463,85.32,75,75,6.2
111,Naze,JP,2022-02-05 13:31:29,28.3667,129.4833,51.98,59,48,15.88
112,Broome,US,2022-02-05 13:29:04,42.2506,-75.833,13.17,79,20,3.0
113,Alofi,NU,2022-02-05 13:31:29,-19.0595,-169.9187,73.29,100,100,4.61
114,Saint George,US,2022-02-05 13:29:17,37.1041,-113.5841,41.34,54,0,0.0
115,Lagunas,PE,2022-02-05 13:31:30,-5.2269,-75.6753,83.86,62,70,1.59
116,Barrow,US,2022-02-05 13:31:30,71.2906,-156.7887,-7.58,71,100,8.05
117,Russell,US,2022-02-05 13:30:21,32.3502,-85.1999,33.08,79,0,10.36
118,Susehri,TR,2022-02-05 13:31:30,40.1644,38.0867,18.46,93,79,0.27
119,Mahebourg,MU,2022-02-05 13:31:30,-20.4081,57.7,82.69,78,40,18.41
120,Chegdomyn,RU,2022-02-05 13:31:31,51.1167,133.0167,-13.94,99,98,2.17
121,Tupiza,BO,2022-02-05 13:31:31,-21.45,-65.7167,64.13,27,15,3.24
122,Luanda,AO,2022-02-05 13:31:31,-8.8368,13.2343,84.2,70,40,9.22
123,Leninskoye,KZ,2022-02-05 13:31:31,41.7589,69.3864,53.53,27,26,4.7
124,Hilo,US,2022-02-05 13:31:32,19.7297,-155.09,71.26,92,100,10.36
125,San Jose,US,2022-02-05 13:28:18,37.3394,-121.895,54.21,60,0,0.0
126,Arraial Do Cabo,BR,2022-02-05 13:30:19,-22.9661,-42.0278,85.96,66,0,18.41
127,Jacmel,HT,2022-02-05 13:31:32,18.2342,-72.5347,76.84,66,33,4.05
128,Port Lincoln,AU,2022-02-05 13:30:21,-34.7333,135.8667,65.77,79,100,16.93
129,Joyabaj,GT,2022-02-05 13:31:32,14.995,-90.8061,59.85,88,92,4.92
130,Katsuura,JP,2022-02-05 13:31:33,35.1333,140.3,36.19,37,60,7.94
131,Souillac,MU,2022-02-05 13:31:33,-20.5167,57.5167,82.78,78,40,18.41
132,Ilulissat,GL,2022-02-05 13:31:33,69.2167,-51.1,6.82,51,75,10.36
133,Manggar,ID,2022-02-05 13:31:34,-2.8833,108.2667,78.96,82,90,6.42
134,Pujili,EC,2022-02-05 13:31:34,-0.95,-78.6833,54.28,87,40,2.3
135,Wuxi,CN,2022-02-05 13:31:34,31.5689,120.2886,34.95,49,91,9.75
136,San Patricio,US,2022-02-05 13:31:34,28.017,-97.5169,35.46,71,4,6.96
137,Baruun-Urt,MN,2022-02-05 13:31:50,46.6806,113.2792,0.39,91,19,7.25
138,Newport,GB,2022-02-05 13:30:21,51.5877,-2.9984,52.63,78,100,4.0
139,Launceston,AU,2022-02-05 13:31:50,-41.45,147.1667,63.61,73,100,1.01
140,Hofn,IS,2022-02-05 13:31:50,64.2539,-15.2082,28.62,61,100,9.19
141,Riviere-Au-Renard,CA,2022-02-05 13:31:50,48.9957,-64.3971,10.4,94,100,14.05
142,Ahipara,NZ,2022-02-05 13:31:51,-35.1667,173.1667,71.22,95,100,8.72
143,Caravelas,BR,2022-02-05 13:30:26,-17.7125,-39.2481,85.28,57,15,9.73
144,Bonthe,SL,2022-02-05 13:31:51,7.5264,-12.505,87.76,53,81,12.71
145,Tilichiki,RU,2022-02-05 13:31:51,60.4667,166.1,0.95,81,100,7.11
146,Yumen,CN,2022-02-05 13:31:52,40.2833,97.2,17.49,35,100,18.3
147,Yanam,IN,2022-02-05 13:31:52,16.7333,82.2167,82.8,82,92,4.34
148,Pisco,PE,2022-02-05 13:31:52,-13.7,-76.2167,68.05,83,74,4.61
149,Aberdeen,GB,2022-02-05 13:30:04,57.1437,-2.0981,48.69,66,91,17.27
150,Sobolevo,RU,2022-02-05 13:31:52,54.4299,31.8996,21.99,95,100,14.41
151,Te Anau,NZ,2022-02-05 13:31:53,-45.4167,167.7167,41.41,94,15,2.66
152,Kieta,PG,2022-02-05 13:31:53,-6.2167,155.6333,81.3,84,100,8.43
153,Luangwa,ZM,2022-02-05 13:31:53,-15.6167,30.4167,82.51,73,75,3.78
154,Victoria,HK,2022-02-05 13:30:21,22.2855,114.1577,61.32,76,97,8.01
155,Kodiak,US,2022-02-05 13:31:54,57.79,-152.4072,38.71,75,75,3.44
156,Aginskoye,RU,2022-02-05 13:31:54,51.1,114.53,-1.82,93,8,6.67
157,Nawada,IN,2022-02-05 13:31:54,24.8833,85.5333,61.09,57,0,4.68
158,Jinka,ET,2022-02-05 13:31:55,5.65,36.65,81.66,32,91,8.19
159,Saquena,PE,2022-02-05 13:31:55,-4.6667,-73.5167,82.24,71,99,2.48
160,Kuantan,MY,2022-02-05 13:31:55,3.8077,103.326,78.91,88,20,4.61
161,Ajdabiya,LY,2022-02-05 13:31:56,30.7554,20.2263,63.23,41,0,10.2
162,Hays,US,2022-02-05 13:31:56,30.0502,-98.0336,24.78,88,7,3.87
163,Pacora,PA,2022-02-05 13:31:56,9.0833,-79.2833,84.42,72,20,3.44
164,Mahibadhoo,MV,2022-02-05 13:31:56,3.7833,72.9667,81.77,70,48,13.53
165,Thompson,CA,2022-02-05 13:30:21,55.7435,-97.8558,-41.64,66,20,2.3
166,Nelson,NZ,2022-02-05 13:31:57,-41.2833,173.2833,59.29,87,100,3.0
167,Ixtapa,MX,2022-02-05 13:31:57,20.7,-105.2,66.22,88,40,0.0
168,Kavaratti,IN,2022-02-05 13:31:57,10.5669,72.642,78.8,62,32,11.88
169,Mataura,NZ,2022-02-05 13:28:59,-46.1927,168.8643,44.67,90,42,1.41
170,Kendari,ID,2022-02-05 13:31:58,-3.945,122.4989,77.0,92,81,3.62
171,Sitka,US,2022-02-05 13:31:58,57.0531,-135.33,42.69,87,100,9.22
172,Chokurdakh,RU,2022-02-05 13:31:58,70.6333,147.9167,-31.72,100,100,0.56
173,Conneaut,US,2022-02-05 13:31:58,41.9476,-80.5542,17.46,83,73,8.7
174,Maragogi,BR,2022-02-05 13:31:59,-9.0122,-35.2225,84.04,62,60,10.63
175,Svarstad,NO,2022-02-05 13:31:59,59.399,9.9698,42.94,54,100,3.0
176,Maracaibo,VE,2022-02-05 13:29:59,10.6317,-71.6406,79.18,65,9,8.03
177,Hirara,JP,2022-02-05 13:31:59,24.8,125.2833,61.18,67,100,21.25
178,Zemio,CF,2022-02-05 13:32:00,5.0314,25.1361,96.55,12,99,5.46
179,Coquimbo,CL,2022-02-05 13:31:33,-29.9533,-71.3436,65.93,77,20,2.3
180,Calama,CL,2022-02-05 13:32:15,-22.4667,-68.9333,59.49,15,0,16.11
181,Cherskiy,RU,2022-02-05 13:32:15,68.75,161.3,-32.76,97,15,2.53
182,Mandali,IQ,2022-02-05 13:32:15,33.7499,45.5541,57.83,46,91,6.85
183,Bengkulu,ID,2022-02-05 13:32:16,-3.8004,102.2655,74.52,96,100,4.07
184,Cap Malheureux,MU,2022-02-05 13:32:16,-19.9842,57.6142,82.89,78,100,8.01
185,Boda,CF,2022-02-05 13:32:16,4.3189,17.4695,96.04,9,71,7.87
186,Sisimiut,GL,2022-02-05 13:32:16,66.9395,-53.6735,0.39,88,95,15.1
187,Ribeira Grande,PT,2022-02-05 13:32:17,38.5167,-28.7,63.0,72,40,11.5
188,Sampit,ID,2022-02-05 13:32:17,-2.5333,112.95,75.24,97,100,2.13
189,Zhigansk,RU,2022-02-05 13:32:17,66.7697,123.3711,-33.75,100,100,4.52
190,Portel,BR,2022-02-05 13:32:18,-1.9356,-50.8211,80.02,78,100,3.33
191,Axim,GH,2022-02-05 13:32:18,4.8699,-2.2405,85.28,65,32,11.32
192,San Rafael,AR,2022-02-05 13:31:29,-34.6177,-68.3301,57.79,94,75,4.61
193,Vitry-Le-Francois,FR,2022-02-05 13:32:19,48.7333,4.5833,48.33,81,87,12.39
194,Along,IN,2022-02-05 13:32:19,28.1667,94.7667,48.6,98,100,2.51
195,Santa Cruz,BO,2022-02-05 13:30:04,-17.8,-63.1667,80.06,83,75,17.27
196,Marawi,PH,2022-02-05 13:32:19,7.9986,124.2928,71.65,96,51,0.96
197,Anadyr,RU,2022-02-05 13:32:19,64.75,177.4833,-1.7,78,0,4.47
198,Igarka,RU,2022-02-05 13:32:20,67.4667,86.5833,-7.51,99,91,5.53
199,Prince Albert,CA,2022-02-05 13:30:05,53.2001,-105.7677,-5.85,77,100,5.75
200,Haldia,IN,2022-02-05 13:32:20,22.0605,88.1097,66.88,36,0,5.1
201,Puerto Del Rosario,ES,2022-02-05 13:32:20,28.5004,-13.8627,69.55,60,0,8.05
202,Norsup,VU,2022-02-05 13:32:21,-16.0667,167.3833,80.6,83,100,12.64
203,Vinh,VN,2022-02-05 13:32:21,18.6667,105.6667,60.98,80,100,2.73
204,Labuhan,ID,2022-02-05 13:32:22,-6.8844,112.2051,79.52,87,100,9.75
205,Cabinda,AO,2022-02-05 13:32:25,-5.55,12.2,82.92,69,56,12.08
206,Vao,NC,2022-02-05 13:32:25,-22.6667,167.4833,80.06,88,98,12.06
207,Mount Gambier,AU,2022-02-05 13:32:26,-37.8333,140.7667,62.51,72,97,10.36
208,Porlamar,VE,2022-02-05 13:32:26,10.958,-63.8491,79.2,73,7,9.98
209,Khalkhal,IR,2022-02-05 13:32:27,37.6189,48.5258,26.94,96,100,5.06
210,Turbat,PK,2022-02-05 13:32:27,26.0023,63.044,75.13,32,0,9.6
211,Hokitika,NZ,2022-02-05 13:32:27,-42.7167,170.9667,56.61,79,100,5.37
212,Dawlatabad,AF,2022-02-05 13:32:27,36.4141,64.9053,50.52,72,100,2.08
213,Namibe,AO,2022-02-05 13:32:28,-15.1961,12.1522,80.06,52,49,12.93
214,Georgetown,MY,2022-02-05 13:32:28,5.4112,100.3354,79.9,91,40,1.99
215,Tiksi,RU,2022-02-05 13:32:28,71.6872,128.8694,-19.59,97,100,7.67
216,Sao Filipe,CV,2022-02-05 13:32:28,14.8961,-24.4956,75.76,63,0,5.73
217,Faanui,PF,2022-02-05 13:32:29,-16.4833,-151.75,80.69,72,8,15.73
218,Kyra,RU,2022-02-05 13:32:29,49.5776,111.9753,0.23,92,26,5.61
219,Avarua,CK,2022-02-05 13:31:34,-21.2078,-159.775,78.85,83,20,11.5
220,Lata,PT,2022-02-05 13:32:29,40.1629,-8.3327,63.36,43,6,6.69
221,Flinders,AU,2022-02-05 13:32:30,-34.5833,150.8552,69.21,66,100,8.99
222,Kununurra,AU,2022-02-05 13:32:30,-15.7667,128.7333,76.98,100,100,3.44
223,Joshimath,IN,2022-02-05 13:32:30,30.5667,79.5667,34.39,64,20,6.98
224,Roma,US,2022-02-05 13:32:30,43.2128,-75.4557,14.65,87,84,1.01
225,Kudahuvadhoo,MV,2022-02-05 13:32:31,2.6708,72.8944,82.08,70,78,12.57
226,Avera,US,2022-02-05 13:32:31,33.194,-82.5271,36.28,55,60,10.25
227,San Pedro,PH,2022-02-05 13:32:46,14.35,121.0167,79.83,70,75,5.75
228,Ischia,IT,2022-02-05 13:32:47,40.7342,13.9471,59.56,83,100,8.01
229,Salinopolis,BR,2022-02-05 13:32:47,-0.6136,-47.3561,80.46,80,100,6.98
230,Bathsheba,BB,2022-02-05 13:32:48,13.2167,-59.5167,83.01,57,20,17.27
231,Dikson,RU,2022-02-05 13:32:48,73.5069,80.5464,-18.24,98,96,3.89
232,Mahajanga,MG,2022-02-05 13:32:48,-15.7167,46.3167,86.02,74,40,18.41
233,Jega,NG,2022-02-05 13:32:49,12.2175,4.3792,90.73,8,0,12.03
234,Sakakah,SA,2022-02-05 13:32:49,29.9697,40.2064,60.37,41,62,17.25
235,Rognan,NO,2022-02-05 13:32:49,67.0953,15.3878,37.54,83,95,12.39
236,Tvoroyri,FO,2022-02-05 13:32:49,61.5556,-6.8111,34.99,72,80,41.03
237,Brejo,BR,2022-02-05 13:32:50,-3.6844,-42.7503,87.19,61,100,3.53
238,Kloulklubed,PW,2022-02-05 13:32:50,7.0419,134.2556,81.1,80,21,23.2
239,Santa Luzia,BR,2022-02-05 13:32:50,-19.7697,-43.8514,75.34,86,100,3.44
240,Stornoway,GB,2022-02-05 13:32:51,58.2093,-6.3865,40.96,69,40,21.99
241,Kizukuri,JP,2022-02-05 13:32:51,40.8061,140.3861,26.11,61,100,13.44
242,Santa Fe,AR,2022-02-05 13:31:46,-31.6333,-60.7,75.02,64,0,8.01
243,Zhezkazgan,KZ,2022-02-05 13:32:51,47.8043,67.7144,17.58,79,0,13.42
244,Henties Bay,NA,2022-02-05 13:32:52,-22.116,14.2845,71.85,68,9,9.46
245,Nikolskoye,RU,2022-02-05 13:32:52,59.7035,30.7861,22.71,91,100,12.37
246,Baiyin,CN,2022-02-05 13:32:52,36.5583,104.2081,18.48,87,100,9.24
247,Sabha,LY,2022-02-05 13:32:52,27.0377,14.4283,67.62,15,0,4.36
248,Knyaze-Volkonskoye,RU,2022-02-05 13:32:53,48.4642,135.4567,-12.66,100,74,3.89
249,Aksu,CN,2022-02-05 13:32:53,41.1231,80.2644,26.62,42,24,5.53
250,Narsaq,GL,2022-02-05 13:32:53,60.9167,-46.05,7.02,69,0,6.08
251,Khatanga,RU,2022-02-05 13:32:54,71.9667,102.5,-34.29,100,79,2.04
252,Chapais,CA,2022-02-05 13:30:27,49.7834,-74.8492,-27.62,90,46,5.19
253,Ponta Do Sol,PT,2022-02-05 13:32:54,32.6667,-17.1,74.71,52,3,9.44
254,Aswan,EG,2022-02-05 13:32:54,24.0934,32.907,70.9,24,0,13.8
255,Sinnar,SD,2022-02-05 13:32:55,13.5691,33.5672,81.23,10,4,18.39
256,Vila Velha,BR,2022-02-05 13:32:55,-20.3297,-40.2925,80.55,78,40,14.97
257,Fort Nelson,CA,2022-02-05 13:30:21,58.8053,-122.7002,-8.01,77,100,4.61
258,Dunkirk,FR,2022-02-05 13:32:55,51.05,2.3667,51.03,57,28,5.01
259,Mehamn,NO,2022-02-05 13:32:55,71.0357,27.8492,19.99,87,90,16.44
260,Taltal,CL,2022-02-05 13:32:56,-25.4,-70.4833,70.93,66,0,5.39
261,Kismayo,SO,2022-02-05 13:32:56,-0.3582,42.5454,80.71,74,100,17.92
262,Saldanha,ZA,2022-02-05 13:32:57,-33.0117,17.9442,72.18,59,25,14.5
263,Sinait,PH,2022-02-05 13:29:28,17.8664,120.4583,73.65,75,8,9.8
264,Torbay,CA,2022-02-05 13:32:57,47.6666,-52.7314,50.49,98,100,24.16
265,Aklavik,CA,2022-02-05 13:32:57,68.2191,-135.0107,-31.97,96,9,6.31
266,Korem,ET,2022-02-05 13:32:57,12.5058,39.5228,61.07,51,90,10.67
267,Paramonga,PE,2022-02-05 13:32:58,-10.6667,-77.8333,72.19,79,36,6.51
268,Moree,AU,2022-02-05 13:32:58,-29.4667,149.85,66.22,59,11,10.36
269,Asau,RO,2022-02-05 13:32:59,46.4333,26.4,49.75,58,82,7.09
270,Tema,GH,2022-02-05 13:32:59,5.667,-0.0166,88.21,66,13,8.05
271,Itarantim,BR,2022-02-05 13:32:59,-15.6597,-40.0656,79.16,76,100,4.81
272,Springbok,ZA,2022-02-05 13:33:00,-29.6643,17.8865,92.95,19,42,18.9
273,Saint-Pierre,RE,2022-02-05 13:33:00,-21.3393,55.4781,83.88,70,100,9.22
274,Nanortalik,GL,2022-02-05 13:33:15,60.1432,-45.2371,14.34,59,4,32.28
275,Ketchikan,US,2022-02-05 13:31:11,55.3422,-131.6461,42.78,93,100,8.05
276,Kaitangata,NZ,2022-02-05 13:33:16,-46.2817,169.8464,48.42,83,71,4.03
277,Kpandu,GH,2022-02-05 13:33:16,6.9954,0.2931,85.5,42,5,4.45
278,Teya,RU,2022-02-05 13:33:16,60.3778,92.6267,19.33,89,100,9.62
279,Saint-Augustin,CA,2022-02-05 13:33:17,51.226,-58.6502,1.89,95,100,14.99
280,Bethel,US,2022-02-05 13:33:17,41.3712,-73.414,22.5,81,0,8.05
281,Pinawa,CA,2022-02-05 13:33:17,50.1489,-95.8811,-1.41,96,100,9.64
282,Buala,SB,2022-02-05 13:33:17,-8.145,159.5921,81.16,83,85,7.67
283,Lensk,RU,2022-02-05 13:33:18,60.7253,114.9278,-0.69,99,82,4.94
284,Krasnovishersk,RU,2022-02-05 13:33:18,60.4078,57.082,21.22,96,100,4.09
285,Clyde River,CA,2022-02-05 13:33:18,70.4692,-68.5914,-18.17,76,75,14.97
286,Puerto Escondido,MX,2022-02-05 13:33:18,15.85,-97.0667,72.55,53,0,6.02
287,Maniitsoq,GL,2022-02-05 13:33:19,65.4167,-52.9,7.23,83,100,15.3
288,Esso,RU,2022-02-05 13:33:19,55.9333,158.7,11.37,96,100,3.69
289,Severo-Kurilsk,RU,2022-02-05 13:33:19,50.6789,156.125,29.1,95,100,7.72
290,Lovozero,RU,2022-02-05 13:33:19,68.005,35.0117,12.24,93,100,11.77
291,Conakry,GN,2022-02-05 13:33:20,9.538,-13.6773,95.36,58,0,9.22
292,Ambon,ID,2022-02-05 13:33:20,-3.6954,128.1814,78.94,89,20,4.61
293,Richards Bay,ZA,2022-02-05 13:33:20,-28.783,32.0377,74.08,85,96,11.83
294,Pasighat,IN,2022-02-05 13:33:21,28.0667,95.3333,54.09,92,68,5.26
295,Belaya Gora,RU,2022-02-05 13:33:21,68.5333,146.4167,-38.63,100,86,1.61
296,Cidreira,BR,2022-02-05 13:33:21,-30.1811,-50.2056,82.44,73,97,7.52
297,Ulladulla,AU,2022-02-05 13:33:21,-35.35,150.4667,67.87,74,82,11.07
298,Kirgiz-Miyaki,RU,2022-02-05 13:33:22,53.6324,54.7979,24.55,94,100,5.93
299,Vila Franca Do Campo,PT,2022-02-05 13:33:22,37.7167,-25.4333,63.19,75,100,11.18
300,Slavyanka,RU,2022-02-05 13:33:22,42.8633,131.3847,11.59,58,48,9.64
301,Missoula,US,2022-02-05 13:33:22,47.0166,-113.8009,27.84,90,96,11.34
302,Lauria,IT,2022-02-05 13:33:23,40.0465,15.8358,51.26,62,100,3.38
303,Preston,GB,2022-02-05 13:29:22,53.7667,-2.7167,48.69,85,100,10.0
304,Thoen,TH,2022-02-05 13:33:23,17.6129,99.2161,75.56,88,96,2.04
305,Brooks,CA,2022-02-05 13:32:44,50.5834,-111.8851,32.04,80,100,4.61
306,Mont-Dore,NC,2022-02-05 13:33:23,-22.2833,166.5833,78.78,91,87,7.81
307,Senec,SK,2022-02-05 13:33:23,48.2195,17.4004,47.16,43,20,20.71
308,Honningsvag,NO,2022-02-05 13:33:24,70.9821,25.9704,28.08,73,22,24.4
309,Juegang,CN,2022-02-05 13:33:24,32.3174,121.1855,37.9,59,83,8.63
310,Lebu,CL,2022-02-05 13:33:24,-37.6167,-73.65,62.64,67,1,16.62
311,Eskil,TR,2022-02-05 13:33:24,38.4017,33.4131,26.02,84,6,5.84
312,Deputatskiy,RU,2022-02-05 13:33:25,69.3,139.9,-26.99,96,100,3.02
313,Tambovka,RU,2022-02-05 13:33:25,50.0969,128.0489,1.51,100,88,4.29
314,Antalaha,MG,2022-02-05 13:33:25,-14.9003,50.2788,81.45,73,100,3.56
315,Port Hardy,CA,2022-02-05 13:33:25,50.6996,-127.4199,41.18,93,100,5.75
316,Pokhara,NP,2022-02-05 13:29:52,28.2333,83.9833,47.84,79,49,4.27
317,Coahuayana,MX,2022-02-05 13:33:26,18.7333,-103.6833,74.68,58,13,2.57
318,Libreville,GA,2022-02-05 13:33:01,0.3925,9.4537,86.02,74,40,8.05
319,Necochea,AR,2022-02-05 13:30:24,-38.5473,-58.7368,62.04,80,100,17.54
320,Nome,US,2022-02-05 13:33:18,64.5011,-165.4064,1.47,46,0,11.5
321,Nizhnyaya Tavda,RU,2022-02-05 13:33:26,57.6731,66.1725,21.51,90,100,6.71
322,Talnakh,RU,2022-02-05 13:33:41,69.4865,88.3972,-11.69,100,92,2.33
323,Chuy,UY,2022-02-05 13:33:42,-33.6971,-53.4616,71.8,83,100,4.79
324,High Level,CA,2022-02-05 13:33:42,58.5169,-117.136,-7.49,77,100,3.44
325,Alta Floresta,BR,2022-02-05 13:33:42,-9.8756,-56.0861,82.22,83,40,5.75
326,Kita,ML,2022-02-05 13:33:42,13.0349,-9.4895,95.13,6,0,4.54
327,Pinsk,BY,2022-02-05 13:33:43,52.1229,26.0951,34.86,84,99,17.56
328,Aquiraz,BR,2022-02-05 13:33:43,-3.9014,-38.3911,87.22,74,37,11.56
329,Grindavik,IS,2022-02-05 13:32:55,63.8424,-22.4338,28.87,80,100,23.02
330,Fernie,CA,2022-02-05 13:33:43,49.5,-115.0687,37.62,100,100,3.78
331,Kavieng,PG,2022-02-05 13:33:43,-2.5744,150.7967,80.8,80,100,6.22
332,Lompoc,US,2022-02-05 13:33:44,34.6391,-120.4579,52.92,77,0,6.91
333,Mutis,CO,2022-02-05 13:33:44,6.2262,-77.4044,78.75,81,47,3.02
334,Waipawa,NZ,2022-02-05 13:33:44,-41.4122,175.5153,55.45,96,100,11.7
335,Hay River,CA,2022-02-05 13:33:45,60.8156,-115.7999,-9.42,77,100,4.61
336,Margate,GB,2022-02-05 13:33:45,51.3813,1.3862,51.04,61,73,8.01
337,Vardo,NO,2022-02-05 13:33:45,70.3705,31.1107,21.4,80,100,26.04
338,Makakilo City,US,2022-02-05 13:33:45,21.3469,-158.0858,65.61,82,0,6.91
339,Pangnirtung,CA,2022-02-05 13:33:46,66.1451,-65.7125,-25.2,98,100,0.74
340,Jumla,NP,2022-02-05 13:33:46,29.2747,82.1838,28.85,91,53,4.23
341,Sistranda,NO,2022-02-05 13:33:46,63.7256,8.834,37.9,57,56,35.23
342,Rumuruti,KE,2022-02-05 13:33:46,0.267,36.5389,78.98,24,100,13.6
343,Yeniseysk,RU,2022-02-05 13:33:47,58.4497,92.1703,20.52,93,100,9.15
344,Westport,US,2022-02-05 13:33:47,41.1415,-73.3579,24.89,75,75,3.0
345,Singkang,MY,2022-02-05 13:33:47,2.1006,102.7994,78.69,91,100,4.99
346,Rundu,NA,2022-02-05 13:33:47,-17.9333,19.7667,75.2,72,97,7.67
347,Shaghat,AM,2022-02-05 13:33:48,39.5625,45.9143,29.1,95,100,6.31
348,Huejuquilla El Alto,MX,2022-02-05 13:33:48,22.6,-103.8667,44.55,55,92,4.12
349,Tabas,IR,2022-02-05 13:33:48,33.5959,56.9244,56.3,40,95,11.27
350,Runcu,RO,2022-02-05 13:33:49,45.1167,23.1333,46.62,75,80,4.18
351,Ormara,PK,2022-02-05 13:33:49,25.2088,64.6357,72.37,63,0,12.06
352,Tautira,PF,2022-02-05 13:33:49,-17.7333,-149.15,75.22,75,25,14.67
353,Sabzevar,IR,2022-02-05 13:33:49,36.2126,57.6819,54.68,33,100,18.41
354,Jalu,LY,2022-02-05 13:33:50,29.0331,21.5482,62.98,38,0,6.31
355,Mehnagar,IN,2022-02-05 13:33:50,25.8833,83.1167,59.02,61,0,7.25
356,Nakapiripirit,UG,2022-02-05 13:33:50,1.9167,34.7833,77.68,40,100,4.79
357,Yining,CN,2022-02-05 13:33:50,29.0361,114.5636,42.19,80,89,3.47
358,Zavallya,UA,2022-02-05 13:33:51,48.2135,30.0156,37.06,63,75,7.92
359,Nhulunbuy,AU,2022-02-05 13:33:51,-12.2333,136.7667,79.41,94,75,3.44
360,Lavrentiya,RU,2022-02-05 13:33:51,65.5833,-171.0,-17.88,94,30,8.34
361,Huarmey,PE,2022-02-05 13:33:52,-10.0681,-78.1522,72.61,79,19,6.4
362,Kirakira,SB,2022-02-05 13:33:52,-10.4544,161.9205,81.48,85,92,6.62
363,Jinchang,CN,2022-02-05 13:33:52,38.4953,102.1739,15.76,85,100,5.23
364,San Nicolas,PH,2022-02-05 13:34:07,18.1725,120.5953,74.5,76,16,12.26
365,Chumikan,RU,2022-02-05 13:34:08,54.7183,135.315,-1.05,76,100,11.65
366,Udachnyy,RU,2022-02-05 13:34:08,66.4167,112.4,-30.37,100,78,3.76
367,Bayan,CN,2022-02-05 13:33:25,46.0833,127.4,-8.0,100,76,4.65
368,Itoman,JP,2022-02-05 13:34:08,26.1247,127.6694,59.02,58,75,21.85
369,Tula,RU,2022-02-05 13:29:20,54.2044,37.6111,15.57,96,35,2.62
370,Komsomolskiy,UZ,2022-02-05 13:34:09,40.4272,71.7189,45.32,24,6,2.3
371,Isangel,VU,2022-02-05 13:34:09,-19.55,169.2667,79.45,89,100,13.0
372,Prince Rupert,CA,2022-02-05 13:33:26,54.3161,-130.3201,44.29,87,100,8.05
373,Kerema,PG,2022-02-05 13:34:09,-7.9631,145.7785,78.17,84,100,6.08
374,Wilmington,US,2022-02-05 13:32:25,34.2257,-77.9447,46.31,64,100,13.8
375,Umm Lajj,SA,2022-02-05 13:34:09,25.0213,37.2685,67.06,51,0,18.45
376,Bentiu,SS,2022-02-05 13:34:10,9.2333,29.8333,90.45,9,100,9.22
377,Tynne,UA,2022-02-05 13:34:10,50.6015,26.1849,37.74,75,75,17.9
378,Tawau,MY,2022-02-05 13:34:10,4.2498,117.8871,77.13,94,98,6.33
379,Raga,SS,2022-02-05 13:34:10,8.4596,25.678,85.87,12,100,9.17
380,Bandar-E Anzali,IR,2022-02-05 13:34:11,37.4727,49.4622,50.11,56,49,5.5
381,Alice Springs,AU,2022-02-05 13:30:11,-23.7,133.8833,67.55,56,0,4.61
382,Bestobe,KZ,2022-02-05 13:34:11,52.4994,73.0975,3.22,81,35,4.72
383,Rio Gallegos,AR,2022-02-05 13:34:11,-51.6226,-69.2181,60.85,44,0,13.8
384,Revda,RU,2022-02-05 13:34:11,56.801,59.9303,18.41,97,100,4.16
385,Omsukchan,RU,2022-02-05 13:34:12,62.5333,155.8,-24.5,82,4,3.65
386,Santa,PH,2022-02-05 13:34:12,17.486,120.4348,75.9,68,7,12.53
387,Tabou,CI,2022-02-05 13:34:12,4.423,-7.3528,84.52,65,69,8.57
388,Tammisaari,FI,2022-02-05 13:34:12,59.9736,23.4339,34.9,98,100,8.32
389,Pamplona,ES,2022-02-05 13:31:41,42.8169,-1.6432,48.72,53,75,17.27
390,Port Blair,IN,2022-02-05 13:34:13,11.6667,92.75,82.44,74,40,3.44
391,Mujiayingzi,CN,2022-02-05 13:34:13,42.1167,118.7833,9.99,65,0,8.19
392,Havre-Saint-Pierre,CA,2022-02-05 13:33:31,50.2334,-63.5986,5.59,60,100,13.8
393,Zhelyabovka,UA,2022-02-05 13:34:13,45.3988,34.7578,35.98,81,100,4.68
394,Ouadda,CF,2022-02-05 13:34:14,8.0777,22.4007,91.45,12,100,8.46
395,Eyrarbakki,IS,2022-02-05 13:34:14,63.863,-21.1481,29.44,70,100,1.5
396,Kijang,KR,2022-02-05 13:34:14,35.2442,129.2139,29.93,52,100,16.35
397,Harbour Breton,CA,2022-02-05 13:34:14,47.4833,-55.7983,45.0,98,100,1.3
398,Khash,IR,2022-02-05 13:34:15,28.2211,61.2158,61.54,16,0,16.67
399,Lasa,IT,2022-02-05 13:34:15,46.6166,10.7002,51.3,78,18,5.06
400,Carnarvon,AU,2022-02-05 13:34:15,-24.8667,113.6333,84.27,74,32,14.97
401,Birin,NP,2022-02-05 13:34:15,26.8865,88.0718,40.08,90,59,3.13
402,Hualmay,PE,2022-02-05 13:34:16,-11.0964,-77.6139,72.12,77,40,6.46
403,Katobu,ID,2022-02-05 13:34:16,-4.9408,122.5276,76.42,90,84,2.19
404,Ashland,US,2022-02-05 13:34:16,40.8167,-82.2665,13.66,97,81,4.36
405,Hope,US,2022-02-05 13:34:17,33.6671,-93.5916,24.85,63,0,0.63
406,Garowe,SO,2022-02-05 13:32:53,8.4054,48.4845,90.39,9,40,3.62
407,Bani,DO,2022-02-05 13:34:17,18.2833,-70.3333,73.74,49,2,10.85
408,Lagos,NG,2022-02-05 13:30:51,6.5833,3.75,91.72,29,2,9.06
409,El Alto,PE,2022-02-05 13:34:17,-4.2714,-81.2147,73.06,71,88,6.69
410,Bairiki,KI,2022-02-05 13:34:18,1.3292,172.9752,81.72,77,5,14.56
411,Gweta,BW,2022-02-05 13:34:18,-20.1833,25.2333,87.93,35,53,7.99
412,Salalah,OM,2022-02-05 13:34:18,17.0151,54.0924,78.89,65,0,13.8
413,Tombouctou,ML,2022-02-05 13:34:33,20.0,-3.0,79.86,7,0,10.29
414,Lorengau,PG,2022-02-05 13:34:34,-2.0226,147.2712,80.98,79,32,9.8
415,Mantua,IT,2022-02-05 13:32:32,45.1667,10.7833,57.43,74,7,1.01
416,Mananjary,MG,2022-02-05 13:34:34,-21.2167,48.3333,76.6,95,100,49.46
417,Moerai,PF,2022-02-05 13:34:34,-22.4333,-151.3333,78.82,73,60,10.2
418,Teknaf,BD,2022-02-05 13:34:35,20.8624,92.3058,68.32,86,87,2.3
419,Rock Sound,BS,2022-02-05 13:34:35,24.9,-76.2,75.15,61,0,4.27
420,Monrovia,LR,2022-02-05 13:34:35,6.3005,-10.7969,85.82,63,13,12.3
421,Rumboci,BA,2022-02-05 13:34:35,43.8322,17.5011,46.99,99,100,2.53
422,Zaraza,VE,2022-02-05 13:34:36,9.3503,-65.3245,82.33,58,81,5.7
423,Bara,NG,2022-02-05 13:34:36,10.3744,10.7288,82.18,12,0,10.96
424,Muros,ES,2022-02-05 13:34:36,42.7762,-9.0603,62.24,54,18,11.5
425,Olafsvik,IS,2022-02-05 13:34:36,64.8945,-23.7142,29.55,67,100,24.9
426,Tonantins,BR,2022-02-05 13:34:37,-2.8731,-67.8022,72.93,98,100,2.1
427,Victoria Point,AU,2022-02-05 13:34:37,-27.5833,153.3,71.56,75,89,3.0
428,Uruzgan,AF,2022-02-05 13:34:37,32.8333,66.0,44.65,41,63,4.65
429,Schweinfurt,DE,2022-02-05 13:34:37,50.05,10.2333,43.14,71,100,13.65
430,Ostersund,SE,2022-02-05 13:34:38,63.1792,14.6357,29.61,59,75,13.8
431,Ostrovnoy,RU,2022-02-05 13:34:38,68.0531,39.5131,15.66,80,100,32.68
432,Cabo San Lucas,MX,2022-02-05 13:34:38,22.8909,-109.9124,60.94,87,0,9.22
433,Changji,CN,2022-02-05 13:34:39,44.0167,87.3167,3.99,85,20,2.24
434,Haines Junction,CA,2022-02-05 13:33:35,60.7522,-137.5108,-5.85,77,99,3.44
435,Foso,GH,2022-02-05 13:34:39,5.7012,-1.2866,99.03,29,32,4.63
436,Tual,ID,2022-02-05 13:34:39,-5.6667,132.75,83.37,78,100,8.79
437,Sapa,PH,2022-02-05 13:34:39,5.1544,120.3241,80.62,81,99,8.75
438,Vostok,RU,2022-02-05 13:34:40,46.4856,135.8833,-8.18,99,100,2.86
439,Tommot,RU,2022-02-05 13:34:40,58.9564,126.2925,-2.34,98,100,3.56
440,Kayalpattinam,IN,2022-02-05 13:34:40,8.5667,78.1167,79.99,74,68,11.54
441,Bandarbeyla,SO,2022-02-05 13:34:40,9.4942,50.8122,77.38,63,10,12.44
442,Comodoro Rivadavia,AR,2022-02-05 13:34:41,-45.8667,-67.5,64.26,48,0,8.05
443,Noumea,NC,2022-02-05 13:34:41,-22.2763,166.4572,78.78,88,84,9.35
444,Goderich,CA,2022-02-05 13:30:03,43.7501,-81.7165,15.91,84,100,4.61
445,Ancud,CL,2022-02-05 13:34:42,-41.8697,-73.8203,64.22,58,5,1.21
446,Kiruna,SE,2022-02-05 13:34:42,67.8557,20.2251,22.12,93,100,13.8
447,Upata,VE,2022-02-05 13:34:42,8.0086,-62.3989,77.2,64,86,5.73
448,Hudiksvall,SE,2022-02-05 13:34:42,61.729,17.1036,31.03,72,47,9.19
449,Wufeng,CN,2022-02-05 13:34:43,27.45,104.8333,34.32,94,100,3.18
450,Providencia,MX,2022-02-05 13:34:43,28.7167,-111.5833,62.65,28,0,9.78
451,Fairbanks,US,2022-02-05 13:34:43,64.8378,-147.7164,2.61,80,20,0.0
452,Sorong,ID,2022-02-05 13:31:29,-0.8833,131.25,82.63,80,100,16.89
453,Sabang,ID,2022-02-05 13:34:44,5.8933,95.3214,82.72,76,64,18.79
454,Beringovskiy,RU,2022-02-05 13:34:44,63.05,179.3167,-6.93,92,91,13.98
455,Bagdarin,RU,2022-02-05 13:34:44,54.4333,113.6,-11.15,96,6,4.5
456,Salihorsk,BY,2022-02-05 13:34:44,52.7876,27.5415,33.37,98,100,19.44
457,Kincardine,GB,2022-02-05 13:34:45,56.0667,-3.7167,46.67,93,100,19.62
458,Hueytown,US,2022-02-05 13:31:41,33.4512,-86.9967,29.05,89,0,6.91
459,San Cristobal,VE,2022-02-05 13:34:45,7.7669,-72.225,66.38,68,83,3.11
460,Riyadh,SA,2022-02-05 13:34:45,24.6877,46.7219,68.14,20,0,14.27
461,Cordoba,AR,2022-02-05 13:34:45,-31.4135,-64.1811,75.42,54,0,7.0
462,Emerald,AU,2022-02-05 13:35:00,-23.5333,148.1667,75.34,46,75,9.22
463,Sioux Lookout,CA,2022-02-05 13:35:01,50.1001,-91.917,-5.42,84,100,5.75
464,Juneau,US,2022-02-05 13:30:22,58.3019,-134.4197,38.21,96,100,7.0
465,Gallup,US,2022-02-05 13:35:01,35.5281,-108.7426,6.64,78,0,0.0
466,Vysokogornyy,RU,2022-02-05 13:35:01,50.1167,139.15,-5.75,99,100,4.56
467,Cayenne,GF,2022-02-05 13:30:05,4.9333,-52.3333,83.08,81,100,5.01
468,Berlevag,NO,2022-02-05 13:35:02,70.8578,29.0864,23.43,82,100,21.45
469,Vilyuysk,RU,2022-02-05 13:35:02,63.7553,121.6247,-24.07,100,97,2.33
470,Bac Lieu,VN,2022-02-05 13:35:02,9.285,105.7244,79.14,70,81,19.93
471,Benjamin Aceval,PY,2022-02-05 13:35:02,-24.9667,-57.5667,77.59,98,100,8.1
472,Sinnamary,GF,2022-02-05 13:35:03,5.3833,-52.95,79.23,85,91,8.57
473,Puerto Carreno,CO,2022-02-05 13:35:03,6.189,-67.4859,80.58,61,0,11.5
474,Mao,ES,2022-02-05 13:35:03,39.8885,4.2658,57.76,72,40,12.66
475,Kashi,CN,2022-02-05 13:35:04,39.4547,75.9797,29.23,63,40,4.47
476,Turayf,SA,2022-02-05 13:35:04,31.6725,38.6637,53.85,62,75,20.71
477,Askarovo,RU,2022-02-05 13:35:04,53.3372,58.5089,7.75,92,100,8.95
478,Selikhino,RU,2022-02-05 13:35:04,50.3672,137.4996,-0.29,97,100,6.93
479,Tumbi,TZ,2022-02-05 13:35:05,-5.0667,32.7333,70.11,83,100,2.93
480,Simga,IN,2022-02-05 13:35:05,21.6333,81.7,70.32,20,1,5.01
481,Shirgaon,IN,2022-02-05 13:35:05,19.7,72.7,70.29,61,18,8.01
482,Nouadhibou,MR,2022-02-05 13:35:05,20.931,-17.0347,75.18,64,0,11.5
483,Manica,FR,2022-02-05 13:35:06,49.0,-1.1667,47.61,72,26,12.97
484,Nabire,ID,2022-02-05 13:35:06,-3.3667,135.4833,76.82,90,100,1.97
485,San Lazaro,BZ,2022-02-05 13:35:06,18.0387,-88.6622,73.11,93,16,5.61
486,Vestmannaeyjar,IS,2022-02-05 13:35:07,63.4427,-20.2734,29.39,86,75,23.02
487,Husavik,IS,2022-02-05 13:35:07,66.0449,-17.3389,12.11,93,96,3.83
488,Vaitape,PF,2022-02-05 13:35:07,-16.5167,-151.75,80.67,72,9,15.61
489,Taloqan,AF,2022-02-05 13:35:07,36.7361,69.5345,51.78,34,100,2.57
490,Taoudenni,ML,2022-02-05 13:35:08,22.6783,-3.9836,81.57,7,18,11.12
491,Porto Novo,BJ,2022-02-05 13:35:08,6.4965,2.6036,87.62,40,3,13.47
492,Store Heddinge,DK,2022-02-05 13:35:08,55.3097,12.3889,41.72,78,100,24.49
493,Kattivakkam,IN,2022-02-05 13:35:08,13.2167,80.3167,82.49,81,51,9.46
494,New Richmond,US,2022-02-05 13:35:09,45.123,-92.5366,4.73,78,100,9.22
495,Puerto Suarez,BO,2022-02-05 13:35:09,-18.95,-57.8,84.76,70,75,8.05
496,Muana,BR,2022-02-05 13:35:09,-1.5283,-49.2167,79.61,84,100,1.74
497,Campoverde,PE,2022-02-05 13:35:09,-8.4753,-74.8058,78.49,54,29,2.3
498,Manicore,BR,2022-02-05 13:35:10,-5.8092,-61.3003,82.31,73,100,1.7
499,Cockburn Town,TC,2022-02-05 13:30:43,21.4612,-71.1419,76.01,70,6,21.88
500,Ippy,CF,2022-02-05 13:35:10,6.2679,21.2247,97.34,11,81,5.77
501,Great Falls,US,2022-02-05 13:35:10,47.5002,-111.3008,39.16,56,0,8.99
502,Saint Anthony,US,2022-02-05 13:30:21,45.0205,-93.218,4.93,73,100,7.0
503,Young,UY,2022-02-05 13:35:11,-32.6833,-57.6333,76.23,50,0,14.99
504,Prince George,CA,2022-02-05 13:30:21,53.9166,-122.753,40.62,63,20,16.11
505,Abapo,BO,2022-02-05 13:35:11,-18.8333,-63.4667,66.7,99,100,2.98
506,Leningradskiy,RU,2022-02-05 13:35:11,69.3833,178.4167,-21.48,96,8,5.93
507,Cordele,US,2022-02-05 13:35:11,31.9635,-83.7824,37.51,69,0,9.22
508,Ibiapina,BR,2022-02-05 13:35:27,-3.9233,-40.8894,77.47,60,93,7.78
509,Paamiut,GL,2022-02-05 13:35:27,61.994,-49.6678,-1.39,78,99,8.39
510,Quatre Cocos,MU,2022-02-05 13:35:27,-20.2078,57.7625,82.51,80,100,15.88
511,Kitimat,CA,2022-02-05 13:35:27,54.0524,-128.6534,41.92,60,100,5.61
512,Brae,GB,2022-02-05 13:35:28,60.3964,-1.353,42.71,75,97,32.97
513,Fortuna,US,2022-02-05 13:35:28,40.5982,-124.1573,44.65,94,100,1.99
514,Curuca,BR,2022-02-05 13:35:28,-0.7289,-47.8481,79.95,88,100,3.65
515,Pokosnoye,RU,2022-02-05 13:35:28,55.5258,101.0536,24.33,94,100,10.78
516,Hambantota,LK,2022-02-05 13:35:29,6.1241,81.1185,80.94,83,5,5.75
517,Urucara,BR,2022-02-05 13:35:29,-2.5364,-57.76,82.4,71,100,0.56
518,Kenai,US,2022-02-05 13:35:18,60.5544,-151.2583,27.09,97,100,13.8
519,Luoyang,CN,2022-02-05 13:35:29,34.6836,112.4536,33.96,50,80,4.21
520,Serdobsk,RU,2022-02-05 13:35:29,52.4586,44.2169,16.11,96,100,8.16
521,Port Hedland,AU,2022-02-05 13:35:30,-20.3167,118.5667,86.05,70,97,13.8
522,Nishihara,JP,2022-02-05 13:35:30,26.1842,127.7558,58.28,58,40,14.97
523,Shingu,JP,2022-02-05 13:35:30,33.7333,135.9833,38.91,65,10,12.97
524,Trinidad,BO,2022-02-05 13:35:30,-14.8333,-64.9,82.38,78,75,13.8
525,Itarema,BR,2022-02-05 13:35:31,-2.9248,-39.9167,85.53,65,96,14.2
526,Iwanai,JP,2022-02-05 13:35:31,42.9744,140.5089,23.2,85,100,7.36
527,Nanchang,CN,2022-02-05 13:31:07,28.6833,115.8833,43.95,70,15,6.69
528,Sao Felix Do Xingu,BR,2022-02-05 13:35:31,-6.6447,-51.995,79.72,81,97,2.66
529,Pa Daet,TH,2022-02-05 13:35:31,19.5049,99.9924,68.02,94,51,3.6
530,Sanford,US,2022-02-05 13:35:32,28.8006,-81.2731,61.18,86,100,4.0
531,Taldom,RU,2022-02-05 13:35:32,56.7333,37.5333,17.67,97,83,3.22
532,Luderitz,NA,2022-02-05 13:33:31,-26.6481,15.1594,72.64,64,7,5.82
533,Kupang,ID,2022-02-05 13:35:32,-10.1667,123.5833,79.79,84,83,6.87
534,Eyl,SO,2022-02-05 13:35:32,7.9803,49.8164,78.85,56,11,17.83
535,Barra,BR,2022-02-05 13:35:33,-11.0894,-43.1417,88.39,46,68,6.38
536,Broken Hill,AU,2022-02-05 13:35:33,-31.95,141.4333,73.11,31,5,12.66
537,Milkovo,RU,2022-02-05 13:35:33,54.7167,158.6167,14.88,96,100,3.0
538,Felanitx,ES,2022-02-05 13:35:33,39.4696,3.1483,59.52,78,100,6.04
539,Praia,CV,2022-02-05 13:34:11,14.9215,-23.5087,81.14,39,0,17.27
540,Molchanovo,RU,2022-02-05 13:35:34,57.5817,83.7692,19.83,86,100,7.7
541,Arrecife,ES,2022-02-05 13:35:34,28.963,-13.5477,69.87,60,0,8.05
542,Kalmunai,LK,2022-02-05 13:35:34,7.4167,81.8167,76.53,77,5,10.04
543,Andra,RU,2022-02-05 13:35:34,62.5147,65.8878,10.31,95,100,2.3
544,Atar,MR,2022-02-05 13:35:35,20.5169,-13.0499,89.85,5,0,6.29
545,Jamame,SO,2022-02-05 13:35:35,0.0722,42.7506,82.54,65,100,15.66
546,Fredericksburg,US,2022-02-05 13:35:35,38.3032,-77.4605,34.02,63,0,5.01
547,Presidencia Roque Saenz Pena,AR,2022-02-05 13:35:36,-26.7852,-60.4388,83.89,54,18,7.09
548,Bang Saphan,TH,2022-02-05 13:35:36,11.2126,99.5117,75.47,88,15,3.15
549,Ler,SS,2022-02-05 13:35:36,8.3018,30.1418,92.46,9,97,9.48
550,Chiang Rai,TH,2022-02-05 13:35:36,19.9167,99.9167,67.98,100,40,5.75
551,Benton Harbor,US,2022-02-05 13:35:37,42.1167,-86.4542,20.32,85,100,3.44
552,Half Moon Bay,US,2022-02-05 13:35:52,37.4636,-122.4286,53.19,73,0,3.44
553,Ghanzi,BW,2022-02-05 13:35:52,-21.5667,21.7833,81.59,47,99,15.01
554,Nyurba,RU,2022-02-05 13:35:52,63.2842,118.3319,-20.11,100,92,3.33
555,Yurimaguas,PE,2022-02-05 13:35:53,-5.9,-76.0833,73.56,94,75,0.0
556,Sokoni,TZ,2022-02-05 13:35:53,-6.4333,39.55,84.49,71,100,11.14
557,Mogocha,RU,2022-02-05 13:35:53,53.7333,119.7667,-4.76,95,100,4.05
558,Muroto,JP,2022-02-05 13:35:53,33.2833,134.15,39.07,54,25,13.85
559,Ulaangom,MN,2022-02-05 13:35:54,49.9811,92.0667,-22.95,97,96,3.15
560,Oussouye,SN,2022-02-05 13:35:54,12.485,-16.5469,95.18,12,0,5.39
561,Gigmoto,PH,2022-02-05 13:35:54,13.7796,124.39,76.5,83,99,13.33
562,Port Augusta,AU,2022-02-05 13:35:55,-32.5,137.7667,79.7,40,16,5.21
563,Maltahohe,NA,2022-02-05 13:35:55,-24.8333,16.9833,89.6,22,26,13.15
564,Marneuli,GE,2022-02-05 13:35:55,41.4759,44.8089,38.14,31,12,16.73
565,Derzhavinsk,KZ,2022-02-05 13:35:55,51.1,66.3167,18.88,80,100,13.24
566,Homer,US,2022-02-05 13:35:56,59.6425,-151.5483,38.77,92,100,4.61
567,Chara,RU,2022-02-05 13:35:56,56.9064,118.2631,-15.27,79,78,1.79
568,Lukovetskiy,RU,2022-02-05 13:35:56,64.2956,41.9211,4.98,93,100,8.03
569,Suntar,RU,2022-02-05 13:35:56,62.1444,117.6319,-20.31,100,31,3.15
570,Mulege,MX,2022-02-05 13:35:57,26.8833,-111.9833,52.56,48,0,6.31
571,Mwanza,TZ,2022-02-05 13:35:57,-2.5167,32.9,73.45,73,75,11.5
572,Glenwood Springs,US,2022-02-05 13:32:12,39.5505,-107.3248,25.83,48,0,12.66
573,Gladstone,AU,2022-02-05 13:32:02,-23.85,151.25,75.13,57,100,14.97
574,Turan,VN,2022-02-05 13:35:57,16.0678,108.2208,67.98,77,75,2.3
575,Borovichi,RU,2022-02-05 13:35:58,58.3878,33.9155,17.76,89,100,12.12
576,Biak,ID,2022-02-05 13:35:58,-0.9131,122.8766,76.42,86,100,4.25
577,Egvekinot,RU,2022-02-05 13:35:58,66.3167,-179.1667,-10.34,86,7,13.13
578,Namatanai,PG,2022-02-05 13:35:58,-3.6667,152.4333,80.51,79,97,8.66
579,Belyy Yar,RU,2022-02-05 13:35:59,53.6039,91.3903,-0.51,78,100,0.0
580,Plato,CO,2022-02-05 13:35:59,9.7903,-74.7824,83.59,59,16,8.05
581,Saint-Francois,FR,2022-02-05 13:35:59,46.4154,3.9054,47.41,64,75,3.44
582,Almaznyy,RU,2022-02-05 13:35:59,48.0448,40.045,30.34,83,98,9.71
583,Mikhaylovka,RU,2022-02-05 13:36:00,50.06,43.2379,20.79,92,100,10.87
584,Strezhevoy,RU,2022-02-05 13:36:00,60.7333,77.5889,12.18,96,100,1.3
