City_ID,City,Lat,Lng,Max Temp,Humidity,Cloudiness,Wind Speed,Country,Date,Current Description
0,Verkhniye Tatyshly,56.2912,55.8575,22.78,95,100,3.62,RU,2/5/2022 15:10,overcast clouds
1,Tezu,27.9167,96.1667,55.42,96,100,0.89,IN,2/5/2022 15:10,light rain
2,Albany,42.6001,-73.9662,17.31,75,18,1.99,US,2/5/2022 15:07,few clouds
3,El Limon,10.3059,-67.6321,80.82,50,1,1.99,VE,2/5/2022 15:10,clear sky
4,Hobart,-42.8794,147.3294,60.03,77,100,4.61,AU,2/5/2022 15:09,overcast clouds
5,Petropavlovsk-Kamchatskiy,53.0452,158.6483,18.37,84,100,11.63,RU,2/5/2022 15:07,overcast clouds
6,Leningradskiy,69.3833,178.4167,-21.35,96,8,5.66,RU,2/5/2022 15:05,clear sky
7,Tiksi,71.6872,128.8694,-20.56,98,100,7.38,RU,2/5/2022 15:10,overcast clouds
8,Xudat,41.631,48.681,38.17,72,100,13,AZ,2/5/2022 15:10,overcast clouds
9,Nigde,37.8333,34.75,18.61,91,10,2.19,TR,2/5/2022 15:10,clear sky
10,Kazanka,47.8462,32.8218,30.54,71,100,7.94,UA,2/5/2022 15:10,overcast clouds
11,Hilo,19.7297,-155.09,70.79,92,100,8.05,US,2/5/2022 15:07,light rain
12,Punta Arenas,-53.15,-70.9167,62.71,51,75,21.85,CL,2/5/2022 15:05,broken clouds
13,Qaanaaq,77.484,-69.3632,-1.62,70,81,10.56,GL,2/5/2022 15:01,broken clouds
14,Ongandjera,-17.8833,15.0667,82.67,28,86,12.5,NA,2/5/2022 15:10,overcast clouds
15,Rikitea,-23.1203,-134.9692,78.37,73,22,11.07,PF,2/5/2022 15:10,few clouds
16,Cherskiy,68.75,161.3,-32.84,96,15,1.92,RU,2/5/2022 15:06,few clouds
17,Fare,-16.7,-151.0167,80.62,70,9,15.57,PF,2/5/2022 15:08,clear sky
18,Chokwe,-24.5333,32.9833,83.84,54,90,15.64,MZ,2/5/2022 15:08,overcast clouds
19,Jamestown,42.097,-79.2353,16.3,64,100,5.01,US,2/5/2022 15:09,overcast clouds
20,Vardo,70.3705,31.1107,22.98,80,75,24.16,NO,2/5/2022 15:10,broken clouds
21,Lerwick,60.1545,-1.1494,42.8,72,100,35.72,GB,2/5/2022 15:05,overcast clouds
22,New Norfolk,-42.7826,147.0587,59.67,62,100,1.12,AU,2/5/2022 15:10,overcast clouds
23,Guerrero Negro,27.9769,-114.0611,55.36,43,0,5.23,MX,2/5/2022 15:03,clear sky
24,Dicamay,16.7561,122.0037,67.42,95,48,2.26,PH,2/5/2022 15:10,scattered clouds
25,Sharan,54.8167,54,20.08,93,100,4.41,RU,2/5/2022 15:06,overcast clouds
26,Chuzhou,32.3219,118.2978,34.32,49,87,5.48,CN,2/5/2022 15:10,overcast clouds
27,Cape Town,-33.9258,18.4232,92.12,40,66,5.01,ZA,2/5/2022 15:07,broken clouds
28,Russell,32.3502,-85.1999,36.97,64,0,10.78,US,2/5/2022 15:10,clear sky
29,Yellowknife,62.456,-114.3525,-15.59,86,100,11.01,CA,2/5/2022 15:10,overcast clouds
30,Vaini,-21.2,-175.2,75.36,100,100,8.05,TO,2/5/2022 15:05,light rain
31,Atuona,-9.8,-139.0333,78.22,77,8,19.69,PF,2/5/2022 15:10,clear sky
32,Ribeira Grande,38.5167,-28.7,64.8,68,75,12.66,PT,2/5/2022 15:06,broken clouds
33,Thompson,55.7435,-97.8558,-37.44,100,60,2.51,CA,2/5/2022 15:06,broken clouds
34,Barrow,71.2906,-156.7887,-9.38,70,100,12.66,US,2/5/2022 15:05,light snow
35,Puerto Ayora,-0.7393,-90.3518,80.56,91,46,5.99,EC,2/5/2022 15:10,scattered clouds
36,Hermanus,-34.4187,19.2345,91.9,50,38,22.95,ZA,2/5/2022 15:10,scattered clouds
37,Hastings,50.8552,0.5729,51.53,79,73,26.98,GB,2/5/2022 15:10,broken clouds
38,Khatanga,71.9667,102.5,-33.83,100,81,1.59,RU,2/5/2022 15:10,broken clouds
39,Jardim,-21.4803,-56.1381,95.18,37,36,10.02,BR,2/5/2022 15:10,scattered clouds
40,Arraial Do Cabo,-22.9661,-42.0278,87.66,62,0,12.66,BR,2/5/2022 15:10,clear sky
41,Hami,42.8,93.45,27.27,28,91,6.91,CN,2/5/2022 15:06,overcast clouds
42,Flinders,-34.5833,150.8552,68.38,67,100,8.99,AU,2/5/2022 15:06,overcast clouds
43,Kismayo,-0.3582,42.5454,79.68,78,100,16.49,SO,2/5/2022 15:04,overcast clouds
44,Pocatello,42.8713,-112.4455,12.88,85,0,5.99,US,2/5/2022 15:10,clear sky
45,Bathsheba,13.2167,-59.5167,83.01,57,20,19.57,BB,2/5/2022 15:10,few clouds
46,Bundaberg,-24.85,152.35,72.21,70,86,5.99,AU,2/5/2022 15:07,overcast clouds
47,Yakeshi,49.2833,120.7333,-7.87,100,95,4.47,CN,2/5/2022 15:10,overcast clouds
48,Kloulklubed,7.0419,134.2556,81.1,81,21,23.38,PW,2/5/2022 15:07,few clouds
49,Saldanha,-33.0117,17.9442,73.2,57,17,14.41,ZA,2/5/2022 15:10,few clouds
50,Ushuaia,-54.8,-68.3,58.62,58,100,10.63,AR,2/5/2022 15:09,overcast clouds
51,Butaritari,3.0707,172.7902,82.51,70,16,19.86,KI,2/5/2022 15:10,few clouds
52,Fort Nelson,58.8053,-122.7002,-15.03,98,46,1.81,CA,2/5/2022 15:03,scattered clouds
53,Kudahuvadhoo,2.6708,72.8944,82.08,70,86,12.5,MV,2/5/2022 15:06,overcast clouds
54,Innisfail,-17.5333,146.0333,74.61,90,99,3.87,AU,2/5/2022 15:05,moderate rain
55,Dikson,73.5069,80.5464,-18.29,99,96,3.78,RU,2/5/2022 15:06,overcast clouds
56,Cidreira,-30.1811,-50.2056,83.91,67,93,8.66,BR,2/5/2022 15:07,overcast clouds
57,Tamandare,-8.7597,-35.1047,85.17,58,65,9.35,BR,2/5/2022 15:10,broken clouds
58,Ixtapa,20.7,-105.2,68.23,87,66,1.99,MX,2/5/2022 15:01,broken clouds
59,Longyearbyen,78.2186,15.6401,10.24,67,20,26.46,SJ,2/5/2022 15:10,few clouds
60,Suzun,53.7841,82.3116,3.61,97,99,2.51,RU,2/5/2022 15:10,overcast clouds
61,East London,-33.0153,27.9116,68.59,87,100,16.51,ZA,2/5/2022 15:10,light rain
62,Abbeville,50.1,1.8333,49.95,75,90,17.05,FR,2/5/2022 15:10,overcast clouds
63,Mar Del Plata,-38.0023,-57.5575,66.22,88,100,11.99,AR,2/5/2022 15:10,overcast clouds
64,Walvis Bay,-22.9575,14.5053,72.09,67,7,9.75,NA,2/5/2022 15:09,clear sky
65,Yulara,-25.2406,130.9889,71.44,43,0,6.91,AU,2/5/2022 15:04,clear sky
66,Nikolskoye,59.7035,30.7861,25.88,91,100,12.01,RU,2/5/2022 15:05,light snow
67,Alenquer,-1.9417,-54.7383,82.74,78,93,1.28,BR,2/5/2022 15:10,overcast clouds
68,Tanout,14.9709,8.8879,78.17,7,5,20.07,NE,2/5/2022 15:10,clear sky
69,Kasangulu,-4.5911,15.1708,83.46,67,45,2.75,CD,2/5/2022 15:10,light rain
70,Codrington,-38.2667,141.9667,58.17,83,97,8.99,AU,2/5/2022 15:10,overcast clouds
71,Bereda,43.2686,-7.5406,55,66,7,6.85,ES,2/5/2022 15:05,clear sky
72,Hasaki,35.7333,140.8333,30.6,36,99,11.36,JP,2/5/2022 15:01,overcast clouds
73,Conde,-7.2597,-34.9075,85.46,62,75,10.36,BR,2/5/2022 15:10,broken clouds
74,Atar,20.5169,-13.0499,90.64,5,0,5.48,MR,2/5/2022 15:10,clear sky
75,Paamiut,61.994,-49.6678,0.21,79,96,7.09,GL,2/5/2022 15:01,overcast clouds
76,Chino Hills,33.9938,-117.7589,55.45,24,0,3,US,2/5/2022 15:09,clear sky
77,Busselton,-33.65,115.3333,72.05,78,0,5.68,AU,2/5/2022 15:10,clear sky
78,Andilamena,-17.0167,48.5833,69.19,94,100,12.21,MG,2/5/2022 15:10,moderate rain
79,Quatre Cocos,-20.2078,57.7625,80.1,81,100,15.7,MU,2/5/2022 15:01,overcast clouds
80,Otradnoye,59.7775,30.8181,25.03,91,100,12.03,RU,2/5/2022 15:10,light snow
81,Saint George,37.1041,-113.5841,39.34,54,0,0,US,2/5/2022 15:01,clear sky
82,Drayton Valley,53.2168,-114.9854,38.17,62,100,21.85,CA,2/5/2022 15:10,overcast clouds
83,Upernavik,72.7868,-56.1549,1.26,95,100,4.56,GL,2/5/2022 15:10,overcast clouds
84,Avera,33.194,-82.5271,43.48,53,40,9.48,US,2/5/2022 15:03,scattered clouds
85,Plouzane,48.3833,-4.6167,53.69,76,100,14.97,FR,2/5/2022 15:11,overcast clouds
86,Lebanon,36.2081,-86.2911,27.18,78,0,4.61,US,2/5/2022 15:06,clear sky
87,Mildura,-34.2,142.15,70.07,46,100,5.75,AU,2/5/2022 15:07,overcast clouds
88,Mayo,38.8876,-76.5119,32.23,51,0,15.99,US,2/5/2022 15:11,clear sky
89,Balykshi,47.0667,51.8667,30.2,93,75,24.61,KZ,2/5/2022 15:11,mist
90,Potosi,-19.5836,-65.7531,54.61,38,26,3.49,BO,2/5/2022 15:11,scattered clouds
91,Mahon,39.8885,4.2658,55.96,71,75,10.36,ES,2/5/2022 15:07,broken clouds
92,Tuktoyaktuk,69.4541,-133.0374,-29.18,97,63,9.35,CA,2/5/2022 15:06,broken clouds
93,Kropotkin,45.4375,40.5756,27.54,89,57,6.78,RU,2/5/2022 15:05,broken clouds
94,Gorazde,43.6669,18.9764,42.91,99,99,1.95,BA,2/5/2022 15:11,overcast clouds
95,Saint-Philippe,-21.3585,55.7679,81.99,85,100,19.55,RE,2/5/2022 15:11,light rain
96,Zagreb,45.8131,15.9775,50.22,50,0,8.05,HR,2/5/2022 15:07,clear sky
97,Sibolga,1.7427,98.7792,75.58,90,100,3.09,ID,2/5/2022 15:02,overcast clouds
98,Pa Daet,19.5049,99.9924,67.15,96,36,3.27,TH,2/5/2022 15:11,scattered clouds
99,Bredasdorp,-34.5322,20.0403,79.29,60,13,22.64,ZA,2/5/2022 15:11,few clouds
100,Tasiilaq,65.6145,-37.6368,18.9,60,100,12.24,GL,2/5/2022 15:11,overcast clouds
101,Ancud,-41.8697,-73.8203,68.23,58,4,3.6,CL,2/5/2022 15:07,clear sky
102,Geraldton,-28.7667,114.6,73.81,83,1,3.44,AU,2/5/2022 15:11,light rain
103,Kahului,20.8947,-156.47,75.85,77,9,8.99,US,2/5/2022 14:59,clear sky
104,Port Elizabeth,-33.918,25.5701,71.1,83,75,17.27,ZA,2/5/2022 15:06,broken clouds
105,Izhma,65.0083,53.9113,-7.76,100,25,3.13,RU,2/5/2022 15:06,scattered clouds
106,Skjervoy,70.0311,20.9714,32.52,66,65,24.02,NO,2/5/2022 15:11,broken clouds
107,Tavricheskoye,54.5851,73.6395,10.31,83,100,7.74,RU,2/5/2022 15:11,overcast clouds
108,Esperance,-33.8667,121.9,68.13,68,1,19.98,AU,2/5/2022 15:06,clear sky
109,Hamilton,39.1834,-84.5333,18.84,79,40,1.01,US,2/5/2022 15:06,scattered clouds
110,Dunedin,-45.8742,170.5036,51.8,73,70,4.65,NZ,2/5/2022 15:04,broken clouds
111,Ponta Do Sol,32.6667,-17.1,74.71,51,3,10.33,PT,2/5/2022 15:11,clear sky
112,Ban Nahin,18.2418,104.2122,61.32,75,72,5.06,LA,2/5/2022 15:11,broken clouds
113,Caravelas,-17.7125,-39.2481,85.41,57,15,10.85,BR,2/5/2022 15:11,few clouds
114,Saskylakh,71.9167,114.0833,-28.61,100,89,3.2,RU,2/5/2022 15:11,overcast clouds
115,Bandarbeyla,9.4942,50.8122,76.59,66,10,12.44,SO,2/5/2022 15:05,clear sky
116,Santa Cruz Del Norte,23.1539,-81.9236,77.74,77,48,10.16,CU,2/5/2022 15:11,scattered clouds
117,Bluff,-46.6,168.3333,50.09,76,26,5.12,NZ,2/5/2022 15:11,scattered clouds
118,Boyolangu,-8.1181,111.8935,76.68,84,85,2.21,ID,2/5/2022 15:11,overcast clouds
119,Kalmunai,7.4167,81.8167,76.51,77,4,10.51,LK,2/5/2022 15:11,clear sky
120,Yeppoon,-23.1333,150.7333,73.18,71,8,19.66,AU,2/5/2022 15:08,clear sky
121,Kodiak,57.79,-152.4072,36.91,75,20,5.75,US,2/5/2022 15:11,few clouds
122,Aketi,2.7388,23.7833,97.95,18,66,2.08,CD,2/5/2022 15:11,broken clouds
123,Farafangana,-22.8167,47.8333,76.96,94,100,33.33,MG,2/5/2022 15:11,heavy intensity rain
124,Nouadhibou,20.931,-17.0347,66.67,75,0,15.14,MR,2/5/2022 15:11,clear sky
125,Srednekolymsk,67.45,153.6833,-39.33,100,48,3.53,RU,2/5/2022 15:06,scattered clouds
126,Chapleau,47.8405,-83.4034,-2.58,85,82,1.92,CA,2/5/2022 15:11,broken clouds
127,Bang Len,14.0219,100.1718,87.98,56,91,3.22,TH,2/5/2022 15:11,overcast clouds
128,Gogrial,8.5332,28.1004,88.14,12,100,8.88,SS,2/5/2022 15:06,overcast clouds
129,Avarua,-21.2078,-159.775,78.85,83,20,10.36,CK,2/5/2022 15:11,few clouds
130,Nome,64.5011,-165.4064,-2.13,50,0,4.61,US,2/5/2022 15:11,clear sky
131,Ranong,9.9658,98.6348,76.57,88,28,6.76,TH,2/5/2022 15:02,scattered clouds
132,Katsuura,35.1333,140.3,35.11,36,53,5.64,JP,2/5/2022 15:11,broken clouds
133,Bengkulu,-3.8004,102.2655,74.14,96,100,4.18,ID,2/5/2022 15:01,heavy intensity rain
134,Sitka,57.0531,-135.33,40.89,87,100,10.36,US,2/5/2022 15:11,moderate rain
135,Hithadhoo,-0.6,73.0833,82.62,74,100,12.41,MV,2/5/2022 15:11,overcast clouds
136,Parker,32.7668,-97.8003,30.43,96,7,4.14,US,2/5/2022 15:11,clear sky
137,Brownfield,33.1812,-102.2744,29.7,24,0,7.83,US,2/5/2022 15:11,clear sky
138,Port Alfred,-33.5906,26.891,70.05,83,98,23.62,ZA,2/5/2022 15:11,light rain
139,Voh,-20.9667,164.7,74.91,90,34,1.81,NC,2/5/2022 15:02,scattered clouds
140,Victoria,22.2855,114.1577,61.25,81,98,1.99,HK,2/5/2022 15:08,overcast clouds
141,Baicheng,45.6167,122.8167,-4.04,88,35,3.65,CN,2/5/2022 15:11,scattered clouds
142,Bosaso,11.2842,49.1816,76.98,61,99,3.33,SO,2/5/2022 15:11,overcast clouds
143,Isangel,-19.55,169.2667,79.54,90,100,14.25,VU,2/5/2022 15:11,moderate rain
144,Mataura,-46.1927,168.8643,41.11,98,18,1.23,NZ,2/5/2022 15:10,few clouds
145,Luanda,-8.8368,13.2343,84.2,61,20,12.66,AO,2/5/2022 15:02,few clouds
146,Cabo San Lucas,22.8909,-109.9124,65.52,78,0,4.61,MX,2/5/2022 15:06,clear sky
147,Yumen,40.2833,97.2,16.54,36,100,16.49,CN,2/5/2022 15:03,overcast clouds
148,Arcata,40.8665,-124.0828,44.26,81,75,1.01,US,2/5/2022 15:11,mist
149,Labuhan,-6.8844,112.2051,79.21,88,100,8.77,ID,2/5/2022 15:06,overcast clouds
150,Nanortalik,60.1432,-45.2371,14.27,59,12,29.66,GL,2/5/2022 15:11,few clouds
151,Provideniya,64.3833,-173.3,-4.81,86,3,11.95,RU,2/5/2022 15:11,clear sky
152,Ahipara,-35.1667,173.1667,71.08,96,96,7.43,NZ,2/5/2022 15:07,overcast clouds
153,Kavaratti,10.5669,72.642,78.93,61,24,11.32,IN,2/5/2022 15:11,few clouds
154,Mehamn,71.0357,27.8492,20.26,87,82,17.02,NO,2/5/2022 15:11,broken clouds
155,Port Hedland,-20.3167,118.5667,86.05,74,98,10.36,AU,2/5/2022 15:07,overcast clouds
156,Kaitong,44.8135,123.15,-6.5,88,54,5.01,CN,2/5/2022 15:11,broken clouds
157,Bethel,41.3712,-73.414,24.49,80,75,9.22,US,2/5/2022 15:11,broken clouds
158,Kapaa,22.0752,-159.319,66.11,59,40,6.91,US,2/5/2022 15:10,scattered clouds
159,Quirinopolis,-18.4483,-50.4517,85.93,60,39,3.58,BR,2/5/2022 15:11,scattered clouds
160,Dingwall,57.5953,-4.4272,42.08,86,79,19.51,GB,2/5/2022 15:11,broken clouds
161,Bambous Virieux,-20.3428,57.7575,80.22,81,100,16.37,MU,2/5/2022 15:11,overcast clouds
162,Egvekinot,66.3167,-179.1667,-10.32,86,8,13.56,RU,2/5/2022 15:11,clear sky
163,Aykhal,66,111.5,-25.01,100,79,5.97,RU,2/5/2022 15:11,broken clouds
164,Souillac,-20.5167,57.5167,80.37,80,100,15.3,MU,2/5/2022 15:01,overcast clouds
165,Kavieng,-2.5744,150.7967,80.82,79,88,5.7,PG,2/5/2022 15:11,light rain
166,Vila Franca Do Campo,37.7167,-25.4333,63.01,75,100,11.79,PT,2/5/2022 15:11,overcast clouds
167,Nuevo Laredo,27.4763,-99.5164,39.18,65,0,0,MX,2/5/2022 15:11,clear sky
168,Inhambane,-23.865,35.3833,82.08,63,16,16.64,MZ,2/5/2022 15:11,few clouds
169,Rayadrug,14.7,76.8667,79.32,23,20,8.1,IN,2/5/2022 15:11,few clouds
170,Pangnirtung,66.1451,-65.7125,-24.02,98,100,1.88,CA,2/5/2022 15:01,overcast clouds
171,Myitkyina,25.3833,97.4,56.34,96,38,3.31,MM,2/5/2022 15:11,scattered clouds
172,Namatanai,-3.6667,152.4333,80.56,78,96,8.63,PG,2/5/2022 15:11,overcast clouds
173,Coihaique,-45.5752,-72.0662,68.61,42,0,4.61,CL,2/5/2022 15:11,clear sky
174,Kruisfontein,-34.0033,24.7314,68.88,72,85,21.68,ZA,2/5/2022 15:07,overcast clouds
175,Katobu,-4.9408,122.5276,76.05,91,90,1.97,ID,2/5/2022 15:11,overcast clouds
176,Florianopolis,-27.6146,-48.5012,91.62,71,40,3,BR,2/5/2022 15:11,scattered clouds
177,Calama,-22.4667,-68.9333,68.49,13,0,3.44,CL,2/5/2022 15:09,clear sky
178,Aquiraz,-3.9014,-38.3911,84.29,73,35,11.36,BR,2/5/2022 15:11,scattered clouds
179,Marawi,7.9986,124.2928,68.65,95,41,1.01,PH,2/5/2022 15:11,scattered clouds
180,Kommunisticheskiy,61.6789,64.4819,15.42,96,100,5.64,RU,2/5/2022 15:11,light snow
181,Itarema,-2.9248,-39.9167,85.95,63,97,15.12,BR,2/5/2022 15:11,heavy intensity rain
182,Jibuti,11.5,42.5,78.22,26,6,11.99,DJ,2/5/2022 15:08,clear sky
183,Samarai,-10.6167,150.6667,80.33,84,100,11.39,PG,2/5/2022 15:11,overcast clouds
184,Chumikan,54.7183,135.315,-0.74,74,100,12.35,RU,2/5/2022 15:11,overcast clouds
185,Grande Prairie,55.1667,-118.8027,37.33,62,92,23.71,CA,2/5/2022 15:09,overcast clouds
186,La Ronge,55.1001,-105.2842,-5.57,97,100,7.27,CA,2/5/2022 15:01,overcast clouds
187,Noshiro,40.2039,140.0242,27.57,73,100,17.56,JP,2/5/2022 15:11,light snow
188,Pokosnoye,55.5258,101.0536,24.85,91,100,11.63,RU,2/5/2022 15:11,overcast clouds
189,Elk,53.8282,22.3647,35.42,80,93,15.68,PL,2/5/2022 15:11,overcast clouds
190,Lompoc,34.6391,-120.4579,53.13,86,0,4.61,US,2/5/2022 15:02,clear sky
191,Sibut,5.718,19.0739,98.24,12,96,5.14,CF,2/5/2022 15:11,overcast clouds
192,Georgetown,5.4112,100.3354,81.9,77,40,3.44,MY,2/5/2022 15:11,light rain
193,Sambava,-14.2667,50.1667,80.65,82,100,5.28,MG,2/5/2022 15:05,light rain
194,Chokurdakh,70.6333,147.9167,-31.95,100,100,0.49,RU,2/5/2022 15:11,overcast clouds
195,Beringovskiy,63.05,179.3167,-7.44,92,89,13.4,RU,2/5/2022 15:11,overcast clouds
196,Vihti,60.417,24.3197,33.57,92,100,7,FI,2/5/2022 15:11,overcast clouds
197,Huinan,42.6225,126.2614,-4.13,93,97,4.23,CN,2/5/2022 15:11,overcast clouds
198,Lebu,-37.6167,-73.65,63.61,65,0,17.13,CL,2/5/2022 15:11,clear sky
199,Buique,-8.6231,-37.1558,87.85,29,87,6.98,BR,2/5/2022 15:11,overcast clouds
200,Jaque,7.5175,-78.1703,82.56,66,29,1.16,PA,2/5/2022 15:11,scattered clouds
201,Esna,25.2934,32.554,63.52,31,0,15.08,EG,2/5/2022 15:11,clear sky
202,Karratha,-20.7377,116.8463,85.3,73,76,4.85,AU,2/5/2022 15:03,broken clouds
203,Biloela,-24.4167,150.5,67.64,68,0,18.25,AU,2/5/2022 15:11,clear sky
204,Vao,-22.6667,167.4833,79.93,87,99,12.3,NC,2/5/2022 15:05,overcast clouds
205,Port Lincoln,-34.7333,135.8667,65.46,80,100,15.97,AU,2/5/2022 15:11,overcast clouds
206,Aksu,41.1231,80.2644,26.37,42,44,4.61,CN,2/5/2022 15:11,scattered clouds
207,Tecoanapa,16.5167,-98.75,76.8,55,2,1.12,MX,2/5/2022 15:11,clear sky
208,Torbay,47.6666,-52.7314,49.75,95,100,8.01,CA,2/5/2022 15:11,moderate rain
209,Gornorechenskiy,44.2624,135.1133,1.31,79,61,12.5,RU,2/5/2022 15:11,broken clouds
210,Fortuna,40.5982,-124.1573,43.99,95,100,0,US,2/5/2022 15:11,overcast clouds
211,Severobaykalsk,55.65,109.3167,-1.26,95,100,5.21,RU,2/5/2022 15:11,overcast clouds
212,Nador,35.174,-2.9287,66.45,55,0,10.36,MA,2/5/2022 15:07,clear sky
213,Pringsewu,-5.3582,104.9744,73.62,95,98,2.01,ID,2/5/2022 15:11,light rain
214,Chabahar,25.2919,60.643,72.3,69,15,8.03,IR,2/5/2022 15:11,few clouds
215,Raahe,64.6833,24.4833,26.69,90,100,14.47,FI,2/5/2022 15:11,overcast clouds
216,Dong Hoi,17.4833,106.6,62.02,86,100,11.45,VN,2/5/2022 15:11,overcast clouds
217,Farah,32.5,62.5,53.38,31,100,2.66,AF,2/5/2022 15:11,overcast clouds
218,Henties Bay,-22.116,14.2845,71.85,70,9,10.83,NA,2/5/2022 15:11,clear sky
219,Shevchenkove,49.6959,37.1735,22.78,97,69,5.68,UA,2/5/2022 15:11,broken clouds
220,Imbituba,-28.24,-48.6703,91.29,60,88,7.29,BR,2/5/2022 15:11,overcast clouds
221,Rio Grande,-32.035,-52.0986,82.51,70,99,10.38,BR,2/5/2022 15:11,light rain
222,Pacific Grove,36.6177,-121.9166,53.58,53,0,1.01,US,2/5/2022 15:11,clear sky
223,Taoudenni,22.6783,-3.9836,82.09,7,19,10.42,ML,2/5/2022 15:11,few clouds
224,Rawson,-43.3002,-65.1023,61.34,48,0,12.86,AR,2/5/2022 15:11,clear sky
225,Rodrigues Alves,-7.738,-72.6509,85.96,58,33,3.65,BR,2/5/2022 15:11,scattered clouds
226,Santa Marta,11.2408,-74.199,82.27,62,6,13.06,CO,2/5/2022 15:11,clear sky
227,Carnarvon,-24.8667,113.6333,81.63,71,23,13.13,AU,2/5/2022 15:11,few clouds
228,Buala,-8.145,159.5921,81,83,90,7.87,SB,2/5/2022 15:04,overcast clouds
229,Tiznit,29.5833,-9.5,74.16,18,96,6.76,MA,2/5/2022 15:11,overcast clouds
230,Saint-Louis,16.3333,-15,96.66,5,0,10.85,SN,2/5/2022 15:11,clear sky
231,Bilibino,68.0546,166.4372,-12.93,96,10,4.9,RU,2/5/2022 15:03,clear sky
232,Castro,-24.7911,-50.0119,75.06,82,83,8.55,BR,2/5/2022 15:11,broken clouds
233,Luwingu,-10.2621,29.9271,67.05,92,100,2.19,ZM,2/5/2022 15:11,light rain
234,Ottawa,45.4112,-75.6981,3.97,67,37,5.01,CA,2/5/2022 15:07,scattered clouds
235,Puerto Escondido,15.85,-97.0667,77.58,44,0,4.25,MX,2/5/2022 15:11,clear sky
236,Pitimbu,-7.4706,-34.8086,86.59,59,19,11.1,BR,2/5/2022 15:11,few clouds
237,Goderich,43.7501,-81.7165,15.91,89,100,7.67,CA,2/5/2022 15:08,light snow
238,Broome,42.2506,-75.833,16.63,80,100,3,US,2/5/2022 15:02,overcast clouds
239,Fairbanks,64.8378,-147.7164,0.1,78,0,0,US,2/5/2022 15:08,light snow
240,Komsomolskiy,40.4272,71.7189,40.42,32,31,2.3,UZ,2/5/2022 15:02,scattered clouds
241,Baghmara,23.795,86.2085,60.73,45,0,7.2,IN,2/5/2022 15:06,clear sky
242,Aklavik,68.2191,-135.0107,-39.28,95,9,5.37,CA,2/5/2022 15:12,clear sky
243,Waingapu,-9.6567,120.2641,79.59,85,100,6.89,ID,2/5/2022 15:12,overcast clouds
244,Eyrarbakki,63.863,-21.1481,26.2,73,100,5.28,IS,2/5/2022 15:06,overcast clouds
245,Yambio,4.5721,28.3955,88.95,15,100,4.92,SS,2/5/2022 15:09,overcast clouds
246,Ceyhan,37.0247,35.8175,55.74,69,1,4.43,TR,2/5/2022 15:12,clear sky
247,Pevek,69.7008,170.3133,-28.19,99,20,2.82,RU,2/5/2022 15:12,few clouds
248,Port Macquarie,-31.4333,152.9167,62.89,67,100,15.32,AU,2/5/2022 15:12,overcast clouds
249,Luderitz,-26.6481,15.1594,72.86,63,7,5.88,NA,2/5/2022 15:12,clear sky
250,Aswan,24.0934,32.907,64.4,28,0,17.09,EG,2/5/2022 15:12,clear sky
251,Markova,48.6758,24.4138,35.19,82,100,9.28,UA,2/5/2022 15:12,overcast clouds
252,San Pedro,14.35,121.0167,78.35,71,100,14.03,PH,2/5/2022 15:11,overcast clouds
253,Minas Novas,-17.2186,-42.5903,77.94,75,100,4.56,BR,2/5/2022 15:07,overcast clouds
254,Taree,-31.9,152.4667,63.1,87,98,6.08,AU,2/5/2022 15:12,overcast clouds
255,Cobadin,44.0833,28.2167,46.06,56,74,7.83,RO,2/5/2022 15:12,broken clouds
256,Escanaba,45.7453,-87.0646,9.05,78,0,0,US,2/5/2022 15:08,clear sky
257,Poum,-20.2333,164.0167,80.4,72,78,4.68,NC,2/5/2022 15:02,broken clouds
258,Minsk,53.9,27.5667,33.55,88,100,19.33,BY,2/5/2022 15:12,light snow
259,Mount Gambier,-37.8333,140.7667,61.75,67,94,8.03,AU,2/5/2022 15:12,overcast clouds
260,Hidalgotitlan,17.7833,-94.6333,58.95,85,100,14.41,MX,2/5/2022 15:12,overcast clouds
261,Talnakh,69.4865,88.3972,-12.75,100,94,2.37,RU,2/5/2022 15:07,overcast clouds
262,Pisco,-13.7,-76.2167,71.02,83,64,9.22,PE,2/5/2022 15:12,mist
263,Mucurici,-18.0933,-40.5158,82,68,92,11.12,BR,2/5/2022 15:12,overcast clouds
264,Rusape,-18.5278,32.1284,68.41,84,95,10.31,ZW,2/5/2022 15:12,light rain
265,Bud,39.447,-86.1758,13.68,78,35,3.42,US,2/5/2022 15:07,scattered clouds
266,Pasighat,28.0667,95.3333,53.62,91,79,4.05,IN,2/5/2022 15:12,broken clouds
267,Spring Hill,28.4769,-82.5255,64.27,87,100,1.99,US,2/5/2022 15:08,overcast clouds
268,Asau,46.4333,26.4,43.95,67,59,6.53,RO,2/5/2022 15:12,broken clouds
269,Agua Verde,22.9,-106.05,61.03,59,48,2.93,MX,2/5/2022 15:12,scattered clouds
270,Clyde River,70.4692,-68.5914,-29.47,92,90,4.92,CA,2/5/2022 15:12,overcast clouds
271,Petionville,18.5125,-72.2853,78.49,44,20,5.75,HT,2/5/2022 15:12,few clouds
272,Holland,42.7875,-86.1089,18.01,74,100,4.61,US,2/5/2022 15:12,overcast clouds
273,Maksi,23.2667,76.15,63.63,23,0,1.9,IN,2/5/2022 15:12,clear sky
274,Kenai,60.5544,-151.2583,27.09,93,100,6.91,US,2/5/2022 15:09,overcast clouds
275,Namibe,-15.1961,12.1522,79.11,55,38,13.06,AO,2/5/2022 15:12,scattered clouds
276,That Phanom,16.9364,104.7104,62.4,72,73,10.85,TH,2/5/2022 15:12,broken clouds
277,Constitucion,-35.3333,-72.4167,70.23,55,0,11.65,CL,2/5/2022 15:12,clear sky
278,Gazli,40.1333,63.45,54.95,36,92,14.79,UZ,2/5/2022 15:12,overcast clouds
279,Lorengau,-2.0226,147.2712,80.76,79,27,9.37,PG,2/5/2022 15:12,scattered clouds
280,Ilulissat,69.2167,-51.1,6.82,51,75,13.8,GL,2/5/2022 15:12,broken clouds
281,San Rafael,-34.6177,-68.3301,57.78,74,100,9.8,AR,2/5/2022 15:12,overcast clouds
282,Faanui,-16.4833,-151.75,80.58,72,11,15.75,PF,2/5/2022 15:12,few clouds
283,Kulhudhuffushi,6.6221,73.07,80.87,70,25,11.41,MV,2/5/2022 15:04,scattered clouds
284,Lufilufi,-13.8745,-171.5986,76.78,77,98,15.86,WS,2/5/2022 15:12,light rain
285,Neijiang,29.5835,105.0622,47.53,76,100,4.72,CN,2/5/2022 15:12,overcast clouds
286,Valdivia,-39.8142,-73.2459,66.29,41,0,4.92,CL,2/5/2022 15:12,clear sky
287,Ostrovnoy,68.0531,39.5131,15.55,81,100,33.11,RU,2/5/2022 15:12,overcast clouds
288,Nivala,63.9167,24.9667,24.69,93,100,8.46,FI,2/5/2022 15:12,overcast clouds
289,Kontagora,10.3999,5.4695,94.93,9,22,4.34,NG,2/5/2022 15:08,few clouds
290,Polyarnyy,69.1989,33.4478,18.07,81,100,24.83,RU,2/5/2022 15:12,overcast clouds
291,Karatuzskoye,53.6072,92.8667,6.31,92,97,3.56,RU,2/5/2022 15:12,overcast clouds
292,Nanyang,32.9947,112.5328,36.93,43,99,7.96,CN,2/5/2022 15:12,overcast clouds
293,Igrim,63.1906,64.4162,1.31,98,100,2.86,RU,2/5/2022 15:03,overcast clouds
294,Airai,-8.9266,125.4092,61.03,90,93,1.77,TL,2/5/2022 15:12,overcast clouds
295,Lagos,6.5833,3.75,93.2,32,1,10,NG,2/5/2022 15:09,clear sky
296,Maraa,-1.8333,-65.3667,73.62,97,100,0.43,BR,2/5/2022 15:12,overcast clouds
297,Neiafu,-18.65,-173.9833,77.68,94,100,5.75,TO,2/5/2022 15:06,overcast clouds
298,Yuci,37.6803,112.7319,22.75,36,0,2.24,CN,2/5/2022 15:12,clear sky
299,Bonthe,7.5264,-12.505,87.46,54,87,14.38,SL,2/5/2022 15:12,overcast clouds
300,Novoagansk,61.9449,76.6625,-1.01,99,100,1.59,RU,2/5/2022 15:08,overcast clouds
301,Bubaque,11.2833,-15.8333,79.27,45,0,7.81,GW,2/5/2022 15:12,clear sky
302,Alofi,-19.0595,-169.9187,79.63,73,100,15.32,NU,2/5/2022 15:04,overcast clouds
303,Leh,34.1667,77.5833,-8.1,76,11,3.44,IN,2/5/2022 15:12,few clouds
304,Gimli,50.6336,-96.9907,0.12,96,100,11.77,CA,2/5/2022 15:08,light snow
305,Severo-Kurilsk,50.6789,156.125,28.72,95,100,7.56,RU,2/5/2022 15:12,light snow
306,Tainan,22.9908,120.2133,60.87,64,1,10.18,TW,2/5/2022 15:12,clear sky
307,Nago,26.5881,127.9761,59.07,66,100,14.05,JP,2/5/2022 15:12,overcast clouds
308,Chuy,-33.6971,-53.4616,76.21,70,100,6.73,UY,2/5/2022 15:12,overcast clouds
309,Kaitangata,-46.2817,169.8464,46.15,89,49,4.45,NZ,2/5/2022 15:12,scattered clouds
310,Narsaq,60.9167,-46.05,7.02,68,0,6.33,GL,2/5/2022 15:12,clear sky
311,Necochea,-38.5473,-58.7368,63.03,79,100,18.5,AR,2/5/2022 15:04,moderate rain
312,Kurchum,48.5722,83.6542,-3.05,83,3,2.75,KZ,2/5/2022 15:12,clear sky
313,Santa Helena De Goias,-17.8136,-50.5969,84.76,62,38,5.66,BR,2/5/2022 15:12,scattered clouds
314,Tazovskiy,67.4667,78.7,-6.16,100,99,5.53,RU,2/5/2022 15:03,overcast clouds
315,Jalingo,8.8833,11.3667,94.77,8,17,10.09,NG,2/5/2022 15:12,few clouds
316,Tual,-5.6667,132.75,82.6,80,100,9.17,ID,2/5/2022 15:02,overcast clouds
317,Pangody,65.85,74.4859,-14.33,100,88,4.65,RU,2/5/2022 15:04,overcast clouds
318,Whitehorse,60.7161,-135.0538,6.31,77,62,8.01,CA,2/5/2022 15:07,broken clouds
319,Qabaqcol,41.72,46.2647,41.04,32,48,11.65,AZ,2/5/2022 15:12,scattered clouds
320,Bressanone,46.715,11.656,51.82,71,7,4,IT,2/5/2022 15:12,clear sky
321,Hem,50.6526,3.1868,48.79,61,75,5.01,FR,2/5/2022 15:12,broken clouds
322,Coquimbo,-29.9533,-71.3436,67.73,77,20,16.11,CL,2/5/2022 15:07,few clouds
323,Vostok,46.4856,135.8833,-8.7,99,100,3.06,RU,2/5/2022 15:03,overcast clouds
324,Goundam,16.4145,-3.6708,86.29,6,0,13.24,ML,2/5/2022 15:12,clear sky
325,Jinxiang,27.4327,120.6062,47.28,73,97,13.89,CN,2/5/2022 15:12,overcast clouds
326,Salalah,17.0151,54.0924,77.09,69,20,9.22,OM,2/5/2022 15:11,few clouds
327,Wattegama,6.7989,81.4808,70.56,88,7,5.01,LK,2/5/2022 15:12,clear sky
328,Ambulu,-8.345,113.6058,76.77,90,74,2.06,ID,2/5/2022 15:12,broken clouds
329,Barwani,22.0333,74.9,71.58,19,1,4.45,IN,2/5/2022 15:12,clear sky
330,Maku,39.2911,44.4521,18.95,72,24,8.68,IR,2/5/2022 15:12,few clouds
331,Praya,14.9215,-23.5087,81.14,39,0,17.27,CV,2/5/2022 15:08,clear sky
332,Saint Anthony,45.0205,-93.218,7.93,70,100,7,US,2/5/2022 15:12,overcast clouds
333,Santa Fe,-31.6333,-60.7,77.02,55,0,11.01,AR,2/5/2022 15:11,clear sky
334,Springbok,-29.6643,17.8865,91.04,20,36,18.81,ZA,2/5/2022 15:12,scattered clouds
335,Vanimo,-2.6741,141.3028,78.94,86,98,7.11,PG,2/5/2022 15:09,overcast clouds
336,Grand Forks,47.9417,-97.4337,4.93,92,100,18.41,US,2/5/2022 14:59,light snow
337,Lumby,50.2498,-118.969,30.04,95,50,4.29,CA,2/5/2022 15:12,scattered clouds
338,Dwarka,22.2394,68.9678,71.55,61,0,7.65,IN,2/5/2022 15:12,clear sky
339,Soe,-9.8607,124.284,67.3,95,98,2.93,ID,2/5/2022 15:12,overcast clouds
340,Port Hardy,50.6996,-127.4199,40.75,87,82,4.83,CA,2/5/2022 15:12,broken clouds
341,Freeport,40.6576,-73.5832,27.1,70,75,10,US,2/5/2022 15:12,broken clouds
342,Fort Saint James,54.4333,-124.25,37.36,70,100,10.22,CA,2/5/2022 15:12,overcast clouds
343,Broken Hill,-31.95,141.4333,71.35,34,6,13.71,AU,2/5/2022 15:12,clear sky
344,Tuatapere,-46.1333,167.6833,43.07,91,7,3.96,NZ,2/5/2022 15:06,clear sky
345,High Level,58.5169,-117.136,-5.26,100,100,1.41,CA,2/5/2022 15:05,overcast clouds
346,Antalaha,-14.9003,50.2788,80.13,76,100,3.2,MG,2/5/2022 15:12,light rain
347,Taywarah,33.35,64.4167,28.44,92,100,3.89,AF,2/5/2022 15:12,snow
348,George Town,5.4112,100.3354,81.9,77,40,3.44,MY,2/5/2022 15:09,light rain
349,Humaita,-7.5061,-63.0208,82.09,73,100,3.58,BR,2/5/2022 15:06,overcast clouds
350,Thai Binh,20.45,106.3333,57.2,72,96,7.07,VN,2/5/2022 15:11,overcast clouds
351,Ajdabiya,30.7554,20.2263,62.73,42,0,9.1,LY,2/5/2022 15:12,clear sky
352,Belyy Yar,53.6039,91.3903,-5.91,84,100,2.24,RU,2/5/2022 15:12,fog
353,Pingliang,35.5392,106.6861,18.54,96,100,0.92,CN,2/5/2022 15:12,light snow
354,Kolaras,25.2333,77.6,58.33,35,0,5.5,IN,2/5/2022 15:12,clear sky
355,Moose Factory,51.2585,-80.6094,-12.55,94,33,5.26,CA,2/5/2022 15:12,scattered clouds
356,Ewa Beach,21.3156,-158.0072,72.7,83,0,3,US,2/5/2022 15:10,clear sky
357,Mahebourg,-20.4081,57.7,80.26,81,100,16.82,MU,2/5/2022 15:12,overcast clouds
358,Banda Aceh,5.5577,95.3222,79.47,80,72,7.72,ID,2/5/2022 15:12,heavy intensity rain
359,Khuzhir,53.1939,107.3397,11.3,92,96,0.78,RU,2/5/2022 15:12,overcast clouds
360,Olafsvik,64.8945,-23.7142,29.35,66,100,20,IS,2/5/2022 15:12,light snow
361,Rio Gallegos,-51.6226,-69.2181,66.25,32,40,14.97,AR,2/5/2022 15:12,scattered clouds
362,Kailua,21.4022,-157.7394,72.75,84,0,6.2,US,2/5/2022 15:12,clear sky
363,Marsh Harbour,26.5412,-77.0636,73.51,59,0,1.7,BS,2/5/2022 15:12,clear sky
364,Nemuro,43.3236,145.575,22.59,70,93,21.59,JP,2/5/2022 15:03,overcast clouds
365,Meulaboh,4.1363,96.1285,76.06,90,100,7.49,ID,2/5/2022 15:08,moderate rain
366,Puerto Penasco,31.3167,-113.5333,48.9,35,0,9.22,MX,2/5/2022 15:12,clear sky
367,Umm Lajj,25.0213,37.2685,66.94,54,0,18.54,SA,2/5/2022 15:12,clear sky
368,Tuy Hoa,13.0833,109.3,72.25,89,93,14.83,VN,2/5/2022 15:12,overcast clouds
369,Nalut,30.3333,10.85,70.52,13,43,7.76,LY,2/5/2022 15:12,scattered clouds
370,Prince Rupert,54.3161,-130.3201,38.88,87,100,8.39,CA,2/5/2022 15:11,overcast clouds
371,Rocha,-34.4833,-54.3333,78.44,59,80,7.83,UY,2/5/2022 15:03,broken clouds
372,Prabumulih,-3.45,104.25,73.8,98,99,2.35,ID,2/5/2022 15:12,overcast clouds
373,Morondava,-20.2833,44.2833,79.32,86,97,21.77,MG,2/5/2022 15:12,moderate rain
374,Youkounkoun,12.5333,-13.1333,102.81,6,0,3.83,GN,2/5/2022 15:12,clear sky
375,Miramar,25.9873,-80.2323,80.02,75,0,0,US,2/5/2022 15:12,clear sky
376,Kirakira,-10.4544,161.9205,80.92,86,89,5.82,SB,2/5/2022 15:12,overcast clouds
377,San Francisco De Macoris,19.2952,-70.2554,77.68,61,11,3,DO,2/5/2022 15:11,few clouds
378,Erfurt,50.9833,11.0333,42.78,71,75,17.27,DE,2/5/2022 15:12,broken clouds
379,Sandwick,60,-1.25,42.62,65,40,46.04,GB,2/5/2022 15:12,scattered clouds
380,Caloundra,-26.8,153.1333,69.89,74,100,1.99,AU,2/5/2022 15:12,light rain
381,Jasper,37.2001,-94.3502,27.36,66,0,5.01,US,2/5/2022 15:09,clear sky
382,Disna,55.568,28.1971,32.86,98,100,11.39,BY,2/5/2022 15:12,snow
383,Mwene-Ditu,-7,23.45,77.61,70,84,2.19,CD,2/5/2022 15:12,broken clouds
384,Restrepo,3.822,-76.5224,67.66,84,97,1.83,CO,2/5/2022 15:12,overcast clouds
385,Mezhdurechensk,53.6942,88.0603,10.13,97,89,2.04,RU,2/5/2022 15:12,overcast clouds
386,Inuvik,68.3499,-133.7218,-39.24,67,0,0,CA,2/5/2022 15:08,clear sky
387,Boca Do Acre,-8.7522,-67.3978,78.26,76,100,3.22,BR,2/5/2022 15:12,overcast clouds
388,Police,53.5521,14.5718,43.66,79,66,4,PL,2/5/2022 15:12,broken clouds
389,Benjamin Constant,-4.3831,-70.0311,80.65,89,75,4.61,BR,2/5/2022 15:12,broken clouds
390,Sarangani,5.4033,125.4636,81.72,80,47,26.84,PH,2/5/2022 15:12,scattered clouds
391,Ilo,-17.6394,-71.3375,74.26,64,75,9.22,PE,2/5/2022 15:12,broken clouds
392,Lagoa,39.05,-27.9833,58.42,71,55,16.13,PT,2/5/2022 15:12,broken clouds
393,Anadyr,64.75,177.4833,-21.3,95,5,2.75,RU,2/5/2022 15:12,clear sky
394,Ust-Kuyga,70.0167,135.6,-43.64,100,100,3.18,RU,2/5/2022 15:05,overcast clouds
395,Lavrentiya,65.5833,-171,-18.38,94,29,8.48,RU,2/5/2022 15:12,scattered clouds
396,Iqaluit,63.7506,-68.5145,-29.31,66,100,3,CA,2/5/2022 15:13,overcast clouds
397,Oussouye,12.485,-16.5469,96.8,13,0,3.2,SN,2/5/2022 15:13,clear sky
398,Jiaonan,35.8786,119.9753,28.36,36,92,6.17,CN,2/5/2022 15:13,overcast clouds
399,Houma,29.5958,-90.7195,37.99,66,0,12.66,US,2/5/2022 15:04,clear sky
400,Matay,28.419,30.7792,61.29,38,0,10.09,EG,2/5/2022 15:13,clear sky
401,Alice Springs,-23.7,133.8833,62.15,77,0,0,AU,2/5/2022 15:13,clear sky
402,Svetlaya,46.5389,138.3297,7.84,70,97,10.78,RU,2/5/2022 15:13,overcast clouds
403,Ushtobe,45.2514,77.9838,17.91,84,5,7.96,KZ,2/5/2022 15:05,clear sky
404,Eyl,7.9803,49.8164,76.46,64,9,15.61,SO,2/5/2022 15:05,clear sky
405,Lata,40.1629,-8.3327,67.5,45,4,7.58,PT,2/5/2022 15:13,clear sky
406,Port Keats,-14.25,129.55,79.18,80,100,3.74,AU,2/5/2022 15:13,overcast clouds
407,Saran,47.9501,1.876,50.83,65,75,13.8,FR,2/5/2022 15:12,broken clouds
408,Deputatskiy,69.3,139.9,-27.63,96,100,3.09,RU,2/5/2022 15:13,overcast clouds
409,Nuuk,64.1835,-51.7216,7.41,78,75,12.66,GL,2/5/2022 15:09,light shower snow
410,Yerbogachen,61.2767,108.0108,10.08,95,100,7.11,RU,2/5/2022 15:06,light snow
411,Muros,42.7762,-9.0603,57.99,55,16,11.43,ES,2/5/2022 15:13,few clouds
412,Provost,52.3501,-110.2683,14.18,97,88,4.7,CA,2/5/2022 15:13,overcast clouds
413,Road Town,18.4167,-64.6167,75.24,88,40,9.22,VG,2/5/2022 15:13,light intensity shower rain
414,Atambua,-9.1061,124.8925,75.18,85,95,0.31,ID,2/5/2022 15:13,overcast clouds
415,Austin,30.2672,-97.7431,34.86,84,0,1.99,US,2/5/2022 15:13,clear sky
416,Wasilla,61.5814,-149.4394,28.4,78,100,0,US,2/5/2022 15:06,light snow
417,Jijiga,9.35,42.8,72.66,9,93,16.33,ET,2/5/2022 15:13,overcast clouds
418,San Cristobal,7.7669,-72.225,68.18,56,79,2.66,VE,2/5/2022 15:05,broken clouds
419,Miandrivazo,-19.5167,45.4667,76.66,86,100,5.75,MG,2/5/2022 15:13,light rain
420,Elko,41.0002,-115.5012,21.63,78,86,4,US,2/5/2022 15:13,overcast clouds
421,Teya,60.3778,92.6267,19.08,90,100,9.1,RU,2/5/2022 15:13,overcast clouds
422,Uray,60.1247,64.7758,20.95,96,100,6.69,RU,2/5/2022 15:13,light snow
423,Gornopravdinsk,60.05,69.9,21.56,96,100,5.5,RU,2/5/2022 15:04,overcast clouds
424,Djibo,14.1022,-1.6306,87.1,6,1,12.88,BF,2/5/2022 15:13,clear sky
425,Barra Patuca,15.8,-84.2833,78.51,80,6,10.51,HN,2/5/2022 15:13,clear sky
426,Lasa,46.6166,10.7002,51.3,85,15,4.74,IT,2/5/2022 15:13,few clouds
427,Dali,25.7,100.1833,42.58,90,62,4.92,CN,2/5/2022 15:13,broken clouds
428,Panaba,21.2833,-88.2667,76.3,75,36,13.13,MX,2/5/2022 15:07,scattered clouds
429,Evensk,61.95,159.2333,16.92,41,85,21.74,RU,2/5/2022 15:13,overcast clouds
430,Laguna,38.421,-121.4238,52.3,88,0,0,US,2/5/2022 15:13,mist
431,Klaksvik,62.2266,-6.589,36.52,69,99,41.38,FO,2/5/2022 15:04,overcast clouds
432,Flin Flon,54.7682,-101.865,-7.38,96,100,6.44,CA,2/5/2022 15:13,overcast clouds
433,Ravar,31.2656,56.8055,61.09,33,5,27.2,IR,2/5/2022 15:13,clear sky
434,Birzai,56.2,24.75,33.69,87,100,13.18,LT,2/5/2022 15:13,overcast clouds
435,Mosquera,4.7059,-74.2302,60.89,77,75,4.61,CO,2/5/2022 15:13,fog
436,Marinette,45.1,-87.6307,5.49,85,100,4.61,US,2/5/2022 15:13,overcast clouds
437,Faya,18.3851,42.4509,59.52,65,10,6.24,SA,2/5/2022 15:13,clear sky
438,Zyryanovsk,49.7386,84.2719,-11.7,96,16,2.37,KZ,2/5/2022 15:13,few clouds
439,Scarborough,54.2797,-0.4044,48.52,80,100,10,GB,2/5/2022 15:12,overcast clouds
440,Zhangye,38.9342,100.4517,19.96,60,100,3.67,CN,2/5/2022 15:05,overcast clouds
441,Puerto Baquerizo Moreno,-0.9,-89.6,79.79,78,40,16.11,EC,2/5/2022 15:10,scattered clouds
442,Athabasca,54.7169,-113.2854,14.65,96,100,3.67,CA,2/5/2022 15:13,snow
443,Dum Duma,27.5667,95.5667,56.64,93,81,3.33,IN,2/5/2022 15:13,moderate rain
444,Boshnyakovo,49.6333,142.1667,6.78,94,100,13.49,RU,2/5/2022 15:13,overcast clouds
445,San Felipe,10.3399,-68.7425,82.45,48,15,7.58,VE,2/5/2022 15:13,few clouds
446,Shingu,33.7333,135.9833,38.91,65,13,12.21,JP,2/5/2022 15:08,few clouds
447,Nanhai,30.1282,111.7784,41.63,65,77,7.09,CN,2/5/2022 15:13,broken clouds
448,Bratsk,56.1325,101.6142,21.34,92,100,10.42,RU,2/5/2022 15:13,light snow
449,Carberry,49.8689,-99.3602,-1.97,97,100,7,CA,2/5/2022 15:13,light snow
450,Cockburn Town,21.4612,-71.1419,76.06,70,4,20.96,TC,2/5/2022 15:13,clear sky
451,Hay River,60.8156,-115.7999,-3.42,98,100,5.61,CA,2/5/2022 15:13,overcast clouds
452,Sioux Lookout,50.1001,-91.917,-3.62,96,100,7.87,CA,2/5/2022 15:13,light snow
453,Tessalit,20.1986,1.0114,78.4,7,0,9.04,ML,2/5/2022 15:06,clear sky
454,Zhezkazgan,47.8043,67.7144,13.98,79,0,20.13,KZ,2/5/2022 15:13,clear sky
455,Mastic Beach,40.7668,-72.8521,26.49,70,20,7,US,2/5/2022 15:13,few clouds
456,Menongue,-14.6585,17.691,65.08,84,100,7.87,AO,2/5/2022 15:13,overcast clouds
457,Soderhamn,61.3037,17.0592,31.98,73,56,8.48,SE,2/5/2022 15:13,broken clouds
458,Khasan,42.4308,130.6434,12.65,56,12,20.24,RU,2/5/2022 15:13,few clouds
459,Tete,-16.1564,33.5867,84.29,74,75,4.61,MZ,2/5/2022 15:13,broken clouds
460,Cayenne,4.9333,-52.3333,84.24,80,75,5.99,GF,2/5/2022 15:13,broken clouds
461,Oyama,36.3,139.8,38.59,29,0,7.47,JP,2/5/2022 15:04,clear sky
462,Ballina,-28.8667,153.5667,64.44,96,89,20.15,AU,2/5/2022 15:05,overcast clouds
463,Zhigansk,66.7697,123.3711,-33.7,100,100,4.81,RU,2/5/2022 15:13,overcast clouds
464,Katherine,-14.4667,132.2667,77.32,88,100,4.61,AU,2/5/2022 15:13,overcast clouds
465,Qasigiannguit,68.8193,-51.1922,7.05,78,100,4.74,GL,2/5/2022 15:13,overcast clouds
466,Wad Madani,14.4012,33.5199,77.4,11,2,16.71,SD,2/5/2022 15:13,clear sky
467,Tombouctou,20,-3,80.29,7,1,9.6,ML,2/5/2022 15:13,clear sky
468,Batagay-Alyta,67.8006,130.4114,-25.71,98,49,3.53,RU,2/5/2022 15:13,scattered clouds
469,Zyryanka,65.75,150.85,-41.57,100,51,1.52,RU,2/5/2022 15:13,broken clouds
470,Khandbari,27.3747,87.2039,47.41,86,54,1.61,NP,2/5/2022 15:13,broken clouds
471,Coari,-4.085,-63.1414,85.28,63,97,1.25,BR,2/5/2022 15:13,overcast clouds
472,Maridi,4.9158,29.4742,91.42,13,78,9.01,SS,2/5/2022 15:13,broken clouds
473,San Juan,-31.5375,-68.5364,69.8,51,93,18.63,AR,2/5/2022 15:08,overcast clouds
474,Port Moresby,-9.4431,147.1797,76.51,88,100,6.13,PG,2/5/2022 15:13,moderate rain
475,Sabha,27.0377,14.4283,67.64,15,0,4.59,LY,2/5/2022 15:13,clear sky
476,Tevaitoa,-16.7833,-151.5,80.04,74,12,14.45,PF,2/5/2022 15:13,few clouds
477,Barbosa Ferraz,-24.03,-52.0117,80.31,87,99,5.93,BR,2/5/2022 15:13,overcast clouds
478,Homer,59.6425,-151.5483,39.09,85,100,5.75,US,2/5/2022 15:13,overcast clouds
479,Moranbah,-22.0016,148.0466,72.5,66,61,13.31,AU,2/5/2022 15:13,broken clouds
480,Jacareacanga,-6.2222,-57.7528,83.73,73,100,2.26,BR,2/5/2022 15:13,overcast clouds
481,Adrar,20.5022,-10.0711,83.21,6,57,8.39,MR,2/5/2022 15:13,broken clouds
482,Puro,12.4841,123.3827,77.11,77,83,14.7,PH,2/5/2022 15:13,broken clouds
483,Ushumun,52.7833,126.5333,-3.44,87,73,6.26,RU,2/5/2022 15:13,broken clouds
484,Estevan,49.1334,-102.9842,25.14,94,100,6.91,CA,2/5/2022 15:13,overcast clouds
485,Yar-Sale,66.8333,70.8333,-11.22,100,58,3.83,RU,2/5/2022 15:13,broken clouds
486,San Patricio,28.017,-97.5169,37.92,54,3,8.08,US,2/5/2022 15:13,clear sky
487,Caronport,50.4501,-105.8179,16.68,96,100,2.64,CA,2/5/2022 15:13,overcast clouds
488,Wana,32.2989,69.5725,45.25,60,83,4.5,PK,2/5/2022 15:13,broken clouds
489,Bemidji,47.4736,-94.8803,4.68,86,100,13.8,US,2/5/2022 15:11,overcast clouds
490,Pinehurst,35.1954,-79.4695,42.78,52,0,11.5,US,2/5/2022 15:11,clear sky
491,Burnie,-41.0667,145.9167,60.94,92,99,11.43,AU,2/5/2022 15:13,overcast clouds
492,Akyab,20.15,92.9,71.6,81,12,6.78,MM,2/5/2022 15:13,few clouds
493,Kankaanpaa,61.8,22.4167,31.8,87,100,8.48,FI,2/5/2022 15:13,overcast clouds
494,Eluru,16.7,81.1,77.09,85,58,3.44,IN,2/5/2022 15:13,broken clouds
495,Kawalu,-7.3817,108.2082,74.44,94,100,1.39,ID,2/5/2022 15:13,light rain
496,Half Moon Bay,37.4636,-122.4286,53.92,76,0,0,US,2/5/2022 15:13,clear sky
497,Caimito,8.8123,-75.4107,83.64,65,20,7.02,CO,2/5/2022 15:13,few clouds
498,Wadi Musa,30.3222,35.4793,41.32,72,74,10.58,JO,2/5/2022 15:13,broken clouds
499,Deer Lake,49.1667,-57.4316,21.38,94,100,12.73,CA,2/5/2022 15:13,snow
500,Bulgan,48.8125,103.5347,-3.14,87,22,4.72,MN,2/5/2022 15:13,few clouds
501,Belmonte,-15.8631,-38.8828,81.1,78,100,7.94,BR,2/5/2022 15:13,overcast clouds
502,Beyneu,45.3167,55.2,36.73,87,100,17.69,KZ,2/5/2022 15:13,overcast clouds
503,Huarmey,-10.0681,-78.1522,74.01,75,18,7.92,PE,2/5/2022 15:13,few clouds
504,Eureka,40.8021,-124.1637,44.26,82,98,6.17,US,2/5/2022 15:13,overcast clouds
505,Honiara,-9.4333,159.95,79.38,89,97,2.51,SB,2/5/2022 15:13,overcast clouds
506,Qovlar,40.948,45.735,40.05,43,31,14.76,AZ,2/5/2022 15:13,scattered clouds
507,Susangerd,31.5608,48.1831,62.62,39,0,7.11,IR,2/5/2022 15:09,clear sky
508,Chirongui,-12.9319,45.1483,85.93,76,80,15.35,YT,2/5/2022 15:13,broken clouds
509,Port Shepstone,-30.7414,30.455,72.72,78,100,11.83,ZA,2/5/2022 15:13,light rain
510,Lagunas,-5.2269,-75.6753,88.77,53,58,1.99,PE,2/5/2022 15:13,broken clouds
511,Savinka,50.0785,47.0994,13.33,95,68,9.64,RU,2/5/2022 15:13,broken clouds
512,Hobyo,5.3505,48.5268,77.85,67,14,14.9,SO,2/5/2022 15:13,few clouds
513,Alindao,5.0267,21.2088,98.44,13,41,4.05,CF,2/5/2022 15:13,scattered clouds
514,Rozivka,46.9385,35.7724,28.6,62,83,5.73,UA,2/5/2022 15:13,broken clouds
515,Norman Wells,65.282,-126.8329,-12.42,95,92,6.29,CA,2/5/2022 15:13,overcast clouds
516,Aurangabad,19.8833,75.3333,70.23,24,40,3.98,IN,2/5/2022 15:13,scattered clouds
517,Pokhara,28.2333,83.9833,46.89,75,48,5.64,NP,2/5/2022 15:13,scattered clouds
518,Arlit,18.7369,7.3853,79.9,7,0,3.78,NE,2/5/2022 15:13,clear sky
519,Moree,-29.4667,149.85,64.42,63,8,9.22,AU,2/5/2022 15:13,clear sky
520,Koutiala,12.3917,-5.4642,92.43,6,1,6.33,ML,2/5/2022 15:09,clear sky
521,Terrace,54.5163,-128.6035,41.43,99,100,4.27,CA,2/5/2022 15:13,light rain
522,Udachnyy,66.4167,112.4,-30.89,100,78,3.83,RU,2/5/2022 15:13,broken clouds
523,Mandeville,18.0417,-77.5071,73.45,54,6,6.93,JM,2/5/2022 15:13,clear sky
524,Znamenskoye,57.1281,73.8282,18.32,87,100,6.08,RU,2/5/2022 15:13,overcast clouds
525,Sagua La Grande,22.8067,-80.0756,77.99,56,0,10.16,CU,2/5/2022 15:13,clear sky
526,Richards Bay,-28.783,32.0377,73.49,85,98,11.77,ZA,2/5/2022 15:13,light rain
527,Heihe,50.2441,127.4902,-5.69,96,64,6.11,CN,2/5/2022 15:13,broken clouds
528,Nara,34.6851,135.8049,36.68,62,22,11.72,JP,2/5/2022 15:13,few clouds
529,Kurilsk,45.2333,147.8833,22.41,90,100,14.47,RU,2/5/2022 15:13,light snow
530,Touros,-5.1989,-35.4608,88.7,52,30,13.8,BR,2/5/2022 15:13,scattered clouds
531,Botwood,49.1499,-55.3482,24.31,95,100,10.74,CA,2/5/2022 15:13,snow
532,Hohhot,40.8106,111.6522,15.01,56,40,1.77,CN,2/5/2022 15:13,scattered clouds
533,Cabra,37.4725,-4.4421,63.84,52,91,3.13,ES,2/5/2022 15:13,overcast clouds
534,Naze,28.3667,129.4833,51.62,63,65,17.76,JP,2/5/2022 15:14,broken clouds
535,Temir,49.1414,57.13,22.01,94,100,9.28,KZ,2/5/2022 15:14,overcast clouds
536,Mattru,7.6244,-11.8332,100.9,24,46,1.77,SL,2/5/2022 15:14,scattered clouds
537,Pedernales,18.0384,-71.744,78.89,65,16,4.38,DO,2/5/2022 15:14,few clouds
538,Hudiksvall,61.729,17.1036,29.37,76,40,8.59,SE,2/5/2022 15:14,scattered clouds
539,Matamoros,25.5333,-103.25,37.51,65,40,4.61,MX,2/5/2022 15:12,scattered clouds
540,Sao Filipe,14.8961,-24.4956,75.54,64,0,6.91,CV,2/5/2022 15:14,clear sky
541,Tautira,-17.7333,-149.15,75.22,74,30,14.65,PF,2/5/2022 15:14,scattered clouds
542,Bastia,42.6667,9.3333,58.33,83,75,4.61,FR,2/5/2022 15:14,broken clouds
543,Cheremukhovo,60.3484,59.9851,16.16,95,100,5.48,RU,2/5/2022 15:14,light snow
544,Toora-Khem,52.4675,96.11,-6,98,94,1.74,RU,2/5/2022 15:14,overcast clouds
545,Quesnel,52.9999,-122.5029,27.1,93,100,4.61,CA,2/5/2022 15:14,mist
546,Maputo,-25.9653,32.5892,81.43,64,41,15.9,MZ,2/5/2022 15:14,scattered clouds
547,Channel-Port Aux Basques,47.5702,-59.1367,26.92,89,100,2.44,CA,2/5/2022 15:14,overcast clouds
548,Santa Cruz,-17.8,-63.1667,80.06,78,75,14.97,BO,2/5/2022 15:12,broken clouds
549,Sisimiut,66.9395,-53.6735,1.49,89,95,14.5,GL,2/5/2022 15:14,light snow
550,Pskov,57.8136,28.3496,24.71,86,75,6.71,RU,2/5/2022 15:14,broken clouds
551,Vila Velha,-20.3297,-40.2925,87.75,73,40,10,BR,2/5/2022 15:14,scattered clouds
552,Sao Mateus,-18.7161,-39.8589,83.53,66,41,9.51,BR,2/5/2022 15:14,scattered clouds
553,Mount Isa,-20.7333,139.5,78.57,34,0,8.05,AU,2/5/2022 15:14,clear sky
554,Solnechnyy,50.7214,136.6319,2.25,98,100,1.59,RU,2/5/2022 15:14,overcast clouds
555,Labuan,5.2767,115.2417,82.56,80,99,9.6,MY,2/5/2022 15:14,heavy intensity rain
556,Hofn,64.2539,-15.2082,28.94,60,100,9.17,IS,2/5/2022 15:14,light snow
557,Olinda,-8.0089,-34.8553,87.53,58,40,8.05,BR,2/5/2022 15:14,scattered clouds
558,Cabo Rojo,18.0866,-67.1457,82.67,66,9,5.03,PR,2/5/2022 15:14,clear sky
559,Yanam,16.7333,82.2167,81,85,94,3.8,IN,2/5/2022 15:14,overcast clouds
560,Ayni,39.3941,68.5377,38.34,47,100,9.31,TJ,2/5/2022 15:14,moderate rain
561,Portland,45.5234,-122.6762,45.45,94,100,0,US,2/5/2022 15:10,overcast clouds
562,Marienburg,54.0359,19.0266,40.87,77,99,17.16,PL,2/5/2022 15:14,overcast clouds
563,Lilongwe,-13.9669,33.7873,70.68,90,81,7.29,MW,2/5/2022 15:09,moderate rain
564,Quechultenango,17.4167,-99.2167,71.46,57,51,4.21,MX,2/5/2022 15:14,broken clouds
565,Jalu,29.0331,21.5482,62.91,37,0,5.48,LY,2/5/2022 15:14,clear sky
566,Nantucket,41.2835,-70.0995,26.96,82,100,19.57,US,2/5/2022 15:09,light snow
567,Houston,29.7633,-95.3633,36.97,74,0,1.99,US,2/5/2022 15:11,clear sky
568,Matara,5.9485,80.5353,77.61,77,9,8.16,LK,2/5/2022 15:14,clear sky
569,Husavik,66.0449,-17.3389,25.57,95,98,7.56,IS,2/5/2022 15:14,light snow
570,Barra Velha,-26.6322,-48.6847,91.6,52,89,2.57,BR,2/5/2022 15:14,overcast clouds
571,Port-Gentil,-0.7193,8.7815,80.33,75,10,10.16,GA,2/5/2022 15:14,clear sky
572,Taldan,53.6667,124.8,3.43,69,89,8.5,RU,2/5/2022 15:14,overcast clouds
573,Amalapuram,16.5833,82.0167,80.98,88,91,3.65,IN,2/5/2022 15:14,overcast clouds
574,San Andres,12.5847,-81.7006,78.82,78,40,9.22,CO,2/5/2022 15:14,scattered clouds
575,Luganville,-15.5333,167.1667,78.69,86,100,3.76,VU,2/5/2022 15:14,overcast clouds
576,Corrales,35.2378,-106.6067,27.99,69,0,3,US,2/5/2022 15:12,clear sky
577,Basco,20.4487,121.9702,72.32,75,98,28.7,PH,2/5/2022 15:14,overcast clouds
578,Pulandian,39.3953,121.9669,32.13,69,1,7.02,CN,2/5/2022 15:14,clear sky
579,Sal Rei,16.1833,-22.9167,77.56,65,0,16.11,CV,2/5/2022 15:14,clear sky
580,Mogadishu,2.0371,45.3438,78.33,78,59,16.73,SO,2/5/2022 15:14,broken clouds
581,Ekhabi,53.5102,142.9671,3.34,93,100,21.07,RU,2/5/2022 15:14,overcast clouds
582,Ketchikan,55.3422,-131.6461,42.78,93,100,9.22,US,2/5/2022 15:14,light rain
583,Laela,-8.5667,32.05,67.8,87,87,1.7,TZ,2/5/2022 15:14,light rain
584,Soyo,-6.1349,12.3689,82.36,70,55,13.71,AO,2/5/2022 15:14,broken clouds
585,Inta,66.0317,60.1659,-9.9,99,57,3.04,RU,2/5/2022 15:14,broken clouds
586,Beya,53.0533,90.9139,7.5,91,31,4.74,RU,2/5/2022 15:14,scattered clouds
587,Murgab,37.4966,61.9714,58.46,30,100,20.6,TM,2/5/2022 15:14,overcast clouds
588,Kuusamo,65.9667,29.1833,19.44,86,100,12.66,FI,2/5/2022 15:14,overcast clouds
589,Stornoway,58.2093,-6.3865,39.92,71,40,8.99,GB,2/5/2022 15:14,light intensity shower rain
590,Impfondo,1.6381,18.0667,97.95,11,87,5.28,CG,2/5/2022 15:14,overcast clouds
591,Safaga,26.7292,33.9365,63.5,49,1,21.23,EG,2/5/2022 15:14,clear sky
592,Chaykovskiy,56.7686,54.1148,27.81,94,100,3.15,RU,2/5/2022 15:14,overcast clouds
593,Przeworsk,50.0591,22.4941,38.93,77,18,15.03,PL,2/5/2022 15:14,few clouds
594,Talcahuano,-36.7167,-73.1167,69.48,56,0,8.05,CL,2/5/2022 15:14,clear sky
595,Ghanzi,-21.5667,21.7833,82.08,46,86,11.68,BW,2/5/2022 15:14,overcast clouds
596,Dubovka,49.0583,44.829,23.95,91,90,10.51,RU,2/5/2022 15:14,light snow
597,Sunndalsora,62.6754,8.5515,36.25,81,86,12.08,NO,2/5/2022 15:14,overcast clouds
598,Khani,41.9563,42.9566,26.17,93,90,4.09,GE,2/5/2022 15:14,overcast clouds
599,Bouguenais,47.1776,-1.6214,53.71,66,40,10.36,FR,2/5/2022 15:14,scattered clouds
600,Sao Sebastiao,-23.76,-45.4097,83.43,73,100,1.52,BR,2/5/2022 15:13,overcast clouds
601,Brandenburg,52.4167,12.55,44.91,68,99,15.95,DE,2/5/2022 15:14,overcast clouds
602,Ferme-Neuve,46.7001,-75.4493,-2.42,77,17,7.65,CA,2/5/2022 15:14,few clouds
603,Linhai,28.85,121.1167,41.94,53,94,2.93,CN,2/5/2022 15:14,overcast clouds
604,Genhe,50.7833,121.5167,-6.75,99,100,3.2,CN,2/5/2022 15:14,overcast clouds
605,Borgo San Dalmazzo,44.333,7.4858,54.88,42,33,4,IT,2/5/2022 15:14,scattered clouds
606,Severomorsk,69.0689,33.4162,18,81,100,21,RU,2/5/2022 15:14,overcast clouds
607,Sangar,63.9242,127.4739,-33.3,99,100,3.49,RU,2/5/2022 15:14,overcast clouds
608,Gamboma,-1.8764,15.8644,94.03,31,86,3.38,CG,2/5/2022 15:14,overcast clouds
609,Canico,32.6333,-16.85,74.71,76,40,3,PT,2/5/2022 15:14,scattered clouds
610,Spearfish,44.4908,-103.8594,44.89,36,75,16.11,US,2/5/2022 15:14,broken clouds
611,Tahe,52.3333,124.7333,-5.1,93,69,4.14,CN,2/5/2022 15:14,broken clouds
612,Paveh,35.0434,46.3565,32.36,98,100,4.99,IR,2/5/2022 15:14,light snow
613,Ballater,57.0493,-3.0402,44.69,83,87,15.32,GB,2/5/2022 15:14,moderate rain
614,Sorland,67.667,12.6934,40.84,79,84,26.57,NO,2/5/2022 15:14,broken clouds
615,Denpasar,-8.65,115.2167,82.06,83,40,12.66,ID,2/5/2022 15:14,scattered clouds
616,Nevel,56.0209,29.9284,24.64,95,100,9.33,RU,2/5/2022 15:14,light snow
617,Ust-Uda,54.1742,103.0304,12.7,96,100,4.12,RU,2/5/2022 15:14,light snow
618,Khovu-Aksy,51.1333,93.6,-11.99,87,25,5.77,RU,2/5/2022 15:14,scattered clouds
619,Novouzensk,50.4592,48.1431,15.8,95,100,8.68,RU,2/5/2022 15:14,overcast clouds
620,Sibu,2.3,111.8167,74.35,98,98,0.94,MY,2/5/2022 15:14,light rain
621,Ladario,-19.0047,-57.6017,86.29,70,75,6.91,BR,2/5/2022 15:14,broken clouds
622,Puerto Madryn,-42.7692,-65.0385,63.79,39,4,14.58,AR,2/5/2022 15:14,clear sky
623,Bridlington,54.0831,-0.1919,48.88,80,100,31.03,GB,2/5/2022 15:14,overcast clouds
624,Bristol,41.8334,-71.1662,24.73,81,100,13,US,2/5/2022 15:10,overcast clouds
625,Treinta Y Tres,-33.2333,-54.3833,81.91,54,100,11.12,UY,2/5/2022 15:14,overcast clouds
626,Zhangjiakou,40.81,114.8794,14.85,62,1,7.43,CN,2/5/2022 15:14,light snow
627,Stokmarknes,68.5646,14.9108,28.49,90,94,15.88,NO,2/5/2022 15:14,light snow
628,Mweka,-4.85,21.5667,81.05,64,98,2.3,CD,2/5/2022 15:14,overcast clouds
629,Ulsteinvik,62.3432,5.8487,38.32,75,100,11.99,NO,2/5/2022 15:14,overcast clouds
630,Kieta,-6.2167,155.6333,81.23,84,99,8.99,PG,2/5/2022 15:14,light rain
631,Visby,57.6409,18.296,39.42,75,75,14.97,SE,2/5/2022 15:14,broken clouds
632,Killam,52.7834,-111.8518,34.61,97,88,11.68,CA,2/5/2022 15:14,light snow
633,Tabou,4.423,-7.3528,84.56,65,72,9.6,CI,2/5/2022 15:14,broken clouds
634,Nikki,9.9401,3.2108,92.93,10,1,6.04,BJ,2/5/2022 15:14,clear sky
635,Round Rock,30.5083,-97.6789,34.02,82,0,1.01,US,2/5/2022 15:12,clear sky
636,Mackenzie,55.2999,-123.1698,39.42,52,0,13.8,CA,2/5/2022 15:14,clear sky
637,Berehove,48.2056,22.6442,37.45,99,100,3.74,UA,2/5/2022 15:14,overcast clouds
638,Roma,43.2128,-75.4557,17.11,76,40,13.8,US,2/5/2022 15:11,scattered clouds
639,Moyale,3.5167,39.0584,88.09,12,100,8.01,KE,2/5/2022 15:14,overcast clouds
640,Hinton,53.4001,-117.5857,35.64,71,16,12.84,CA,2/5/2022 15:14,few clouds
641,Enid,36.3956,-97.8784,29.14,75,0,5.01,US,2/5/2022 15:12,clear sky
642,Pestretsy,55.7531,49.6545,24.94,97,100,4.65,RU,2/5/2022 15:14,overcast clouds
643,Amaigbo,5.7892,7.8383,97.66,15,0,4.43,NG,2/5/2022 15:14,clear sky
644,Padang,-0.9492,100.3543,74.57,95,100,3.11,ID,2/5/2022 15:14,light rain
645,Corvallis,44.5646,-123.262,45.34,70,100,0,US,2/5/2022 15:14,overcast clouds
646,Mana,5.6592,-53.7767,81.01,76,67,8.5,GF,2/5/2022 15:14,broken clouds
647,Winnemucca,40.973,-117.7357,33.28,45,76,1.74,US,2/5/2022 15:14,broken clouds
648,Hambantota,6.1241,81.1185,77.86,73,5,17,LK,2/5/2022 15:14,clear sky
649,Yarkovo,57.4028,67.0786,21.04,86,100,6.87,RU,2/5/2022 15:14,overcast clouds
650,Khalkhal,37.6189,48.5258,25.84,96,100,5.08,IR,2/5/2022 15:14,light snow
651,Villacidro,39.4578,8.7406,56.66,68,100,13.56,IT,2/5/2022 15:14,overcast clouds
652,Amudat,1.95,34.95,71.44,55,100,6.15,UG,2/5/2022 15:14,overcast clouds
653,Mecca,21.4267,39.8261,70.72,22,3,14.23,SA,2/5/2022 15:13,clear sky
654,Garden City,42.3256,-83.331,18.32,82,40,1.01,US,2/5/2022 15:14,mist
655,Magistralnyy,56.1725,107.4458,14.47,95,100,7.11,RU,2/5/2022 15:14,light snow
656,Tilichiki,60.4667,166.1,3.4,80,100,6.71,RU,2/5/2022 15:14,overcast clouds
657,Mitsamiouli,-11.3847,43.2844,80.78,81,85,14.34,KM,2/5/2022 15:14,light rain
658,Morococha,-11.5997,-76.1411,40.21,80,100,0.72,PE,2/5/2022 15:14,overcast clouds
659,Padre Bernardo,-15.35,-48.5,83.71,62,50,1.77,BR,2/5/2022 15:14,scattered clouds
660,Dalaba,10.7,-12.25,87.58,8,0,5.19,GN,2/5/2022 15:15,clear sky
661,Cururupu,-1.8283,-44.8683,80.98,73,100,3.85,BR,2/5/2022 15:15,light rain
662,Sao Jose Da Coroa Grande,-8.8978,-35.1478,84.54,60,72,9.8,BR,2/5/2022 15:15,broken clouds
663,Okato,-39.2,173.8833,67.91,98,100,12.21,NZ,2/5/2022 15:15,light rain
664,State College,40.7934,-77.86,18.81,75,75,1.01,US,2/5/2022 15:12,broken clouds
